USE rac_ar;
select 
*
from rac_ar.empleados;

INSERT INTO
		rac_ar.cliente (id_cliente,nombre,apellido,documento,mail,calificacion,preferencias)
        VALUES
		(1,'Teddi','O  Connell',31191297,'TOConnell@mail.com',6,'Auto compacto para conducir en la ciudad- ideal para maniobras en espacios reducidos y con bajo consumo de combustible.'),
		(2,'Wittie','Fairholm',21153508,'WFairholm@mail.com',10,'Vehículo con capacidad para 7 pasajeros- ideal para viajes familiares o grupos grandes con amplio espacio de maletero.'),
		(3,'Reba','McDowell',20336101,'RMcDowell@mail.com',6,'Auto eléctrico con autonomía superior a 300 km- amigable con el medio ambiente y libre de emisiones contaminantes.'),
		(4,'Bernete','Sabey',15855111,'BSabey@mail.com',6,'SUV con tracción en las cuatro ruedas- perfecto para trayectos off-road o terrenos irregulares- con mayor seguridad.'),
		(5,'Bren','Pickthall',41277576,'BPickthall@mail.com',9,'Coche de lujo con interior de cuero y tecnología avanzada- ideal para eventos especiales o clientes que buscan máxima comodidad.'),
		(6,'Sidoney','Gaythwaite',39390240,'SGaythwaite@mail.com',6,'Vehículo con transmisión automática- para facilitar la conducción y evitar el cansancio en trayectos largos en la ciudad o carretera.'),
		(7,'Gustie','Windrus',31624126,'GWindrus@mail.com',8,'Auto híbrido con motor de combustión y eléctrico- para mayor eficiencia energética y ahorro en consumo de combustible.'),
		(8,'Estrellita','Cansfield',33623938,'ECansfield@mail.com',8,'Vehículo con amplio espacio de maletero- ideal para transportar equipaje o grandes volúmenes en viajes largos o mudanzas.'),
		(9,'Paige','McQuorkell',40351750,'PMcQuorkell@mail.com',7,'Auto deportivo con alta potencia- para los clientes que buscan una experiencia de conducción emocionante y de alto rendimiento.'),
		(10,'Cris','Playfair',15763469,'CPlayfair@mail.com',6,'Vehículo con asientos para niños instalados- ideal para familias con bebés o niños pequeños que necesitan seguridad adicional.'),
		(11,'Jerald','Feragh',19290964,'JFeragh@mail.com',6,'Coche con conexión Bluetooth y sistemas de entretenimiento avanzados- para disfrutar de música y llamadas en trayectos largos.'),
		(12,'Jeremy','Norley',23570503,'JNorley@mail.com',9,'Vehículo con GPS incorporado para facilitar la navegación en ciudades desconocidas o zonas rurales sin acceso a señal de celular.'),
		(13,'Jordain','Tuffell',25028758,'JTuffell@mail.com',9,'Auto con techo solar- para disfrutar de una mayor entrada de luz natural y una experiencia de conducción más placentera.'),
		(14,'Sherye','Alcalde',31094201,'SAlcalde@mail.com',6,'Vehículo con frenos ABS y control de estabilidad- para garantizar mayor seguridad y control en condiciones adversas de manejo.'),
		(15,'Yurik','Malkin',39303974,'YMalkin@mail.com',5,'Coche con cámaras de estacionamiento y sensores de proximidad- ideal para quienes desean mayor seguridad al estacionar.'),
		(16,'Chas','Vannoni',28418046,'CVannoni@mail.com',8,'Auto con asientos reclinables y climatización ajustable- para mayor confort en trayectos largos y climas extremos.'),
		(17,'Haleigh','Franies',33344616,'HFranies@mail.com',9,'Vehículo con faros automáticos y luces LED- para mejorar la visibilidad en carretera y proporcionar mayor seguridad.'),
		(18,'Iggy','Dilkes',26589173,'IDilkes@mail.com',10,'Auto con control crucero adaptativo- para mantener una velocidad constante en la carretera sin necesidad de acelerar manualmente.'),
		(19,'Brande','Leirmonth',36341041,'BLeirmonth@mail.com',8,'Vehículo con sistemas de asistencia de conducción- como alerta de cambio de carril y frenado automático en situaciones de emergencia.'),
		(20,'Brinn','Saddler',33867906,'BSaddler@mail.com',9,'Coche con ventanas polarizadas- ideal para mayor privacidad y protección contra la luz solar intensa en climas cálidos.'),
		(21,'Hall','Vuitton',32282489,'HVuitton@mail.com',8,'Auto con capacidad de remolque- perfecto para transportar caravanas- botes o cargas pesadas en viajes de larga distancia.'),
		(22,'Currey','Kahane',23819630,'CKahane@mail.com',10,'Vehículo con seguro contra todo riesgo incluido- para mayor tranquilidad del cliente en caso de accidentes o daños.'),
		(23,'Sarette','Salazar',37506709,'SSalazar@mail.com',5,'Auto con tapicería resistente a manchas- ideal para quienes viajan con niños o mascotas y buscan un vehículo fácil de limpiar.'),
		(24,'Rhody','Antonazzi',44273885,'RAntonazzi@mail.com',6,'Vehículo con sistema de climatización dual- para que tanto el conductor como el pasajero puedan ajustar la temperatura a su preferencia.'),
		(25,'Diarmid','Mawman',25911488,'DMawman@mail.com',7,'Coche con sistemas de ahorro de combustible- como el apagado automático del motor en detenciones prolongadas.'),
		(26,'Zitella','Davidsohn',24934053,'ZDavidsohn@mail.com',6,'Auto con asistencia en carretera 24/7- para mayor seguridad en caso de averías o accidentes en cualquier momento del día.'),
		(27,'Renaldo','Scranny',26761064,'RScranny@mail.com',10,'Vehículo con sistema de tracción inteligente- para mayor control en terrenos resbaladizos o durante condiciones climáticas adversas.'),
		(28,'Brianna','Burkert',35396489,'BBurkert@mail.com',9,'Auto con tecnología de frenado regenerativo- para aumentar la eficiencia energética en autos eléctricos o híbridos.'),
		(29,'Hazel','McDowall',15702791,'HMcDowall@mail.com',6,'Vehículo con conectores USB para cargar dispositivos móviles y mantener la conectividad durante trayectos largos.'),
		(30,'Brandais','Novacek',20148439,'BNovacek@mail.com',8,'Auto con capacidad para adaptar una silla de ruedas o espacio para personas con movilidad reducida.'),
		(31,'Saw','Anmore',34357191,'SAnmore@mail.com',8,'Vehículo con sistema de insonorización mejorado- para una experiencia de conducción más silenciosa y placentera.'),
		(32,'Seka','Assur',25906415,'SAssur@mail.com',8,'Auto con espejos retrovisores ajustables electrónicamente- para mayor comodidad y visibilidad al conducir.'),
		(33,'Clyve','Fletham',39323197,'CFletham@mail.com',6,'Vehículo con capacidad de plegar asientos traseros- para aumentar el espacio de almacenamiento según sea necesario.'),
		(34,'Jordon','Hallihan',40480156,'JHallihan@mail.com',8,'Coche con sistema de alerta de colisión frontal- para mayor seguridad en caso de acercarse demasiado a otro vehículo en carretera.'),
		(35,'Towney','Grinvalds',41188217,'TGrinvalds@mail.com',8,'Auto con sistema de monitoreo de punto ciego- para ayudar a evitar accidentes al cambiar de carril o estacionar.'),
		(36,'Katalin','Gleave',15391460,'KGleave@mail.com',7,'Vehículo con capacidad para integrar aplicaciones móviles- como Apple CarPlay o Android Auto- para una experiencia de manejo conectada.'),
		(37,'Julian','Rizzello',44243924,'JRizzello@mail.com',6,'Auto con parabrisas calefactado- ideal para zonas frías donde la nieve o el hielo pueden afectar la visibilidad.'),
		(38,'Pincas','Ulyat',30986149,'PUlyat@mail.com',8,'Vehículo con entrada sin llave y arranque a distancia- para mayor comodidad y seguridad al entrar y salir del auto.'),
		(39,'Kinnie','Schultheiss',35898460,'KSchultheiss@mail.com',6,'Coche con sistema de asistencia de estacionamiento automático- para facilitar el aparcamiento en espacios reducidos.'),
		(40,'Nani','Wooffitt',32210416,'NWooffitt@mail.com',6,'Auto con suspensión deportiva- para una experiencia de conducción más dinámica y ágil en carreteras con curvas.'),
		(41,'Jobi','Sigg',17716226,'JSigg@mail.com',6,'Vehículo con llantas todo terreno- para trayectos fuera de la carretera o en superficies con baja tracción.'),
		(42,'Savina','Luebbert',23710576,'SLuebbert@mail.com',9,'Auto con sistema de purificación de aire- ideal para personas con alergias o quienes desean aire más limpio dentro del vehículo.'),
		(43,'Marlon','Gegay',22443038,'MGegay@mail.com',8,'Vehículo con iluminación ambiental personalizable- para crear una atmósfera única y agradable durante la conducción nocturna.'),
		(44,'Reginauld','Kahler',35669529,'RKahler@mail.com',8,'Coche con sistema de control de presión de neumáticos- para alertar sobre posibles problemas en las ruedas y mejorar la seguridad.'),
		(45,'Rivkah','Yes',15018151,'RYes@mail.com',6,'Auto con sistema de frenado automático en reversa- para evitar colisiones al retroceder en espacios ajustados.'),
		(46,'Myrta','Cardenosa',43441165,'MCardenosa@mail.com',7,'Vehículo con asientos ventilados- ideal para climas cálidos donde el cuero o la tela pueden acumular calor.'),
		(47,'Chick','Frankiss',29606657,'CFrankiss@mail.com',10,'Auto con volante ajustable en altura y profundidad- para personalizar la posición de conducción según la preferencia del cliente.'),
		(48,'Bradney','Banbury',24785170,'BBanbury@mail.com',6,'Vehículo con sistema de sonido premium- para disfrutar de música y entretenimiento con la mejor calidad de audio.'),
		(49,'Joletta','Merriott',33543051,'JMerriott@mail.com',7,'Auto con capacidad para adaptar portaequipajes en el techo- ideal para quienes llevan equipos deportivos o grandes maletas.'),
		(50,'Martainn','Parmiter',41329900,'MParmiter@mail.com',5,'Vehículo con cargador inalámbrico para dispositivos móviles- para una mayor comodidad y conectividad sin cables.'),
		(51,'Jojo','Van der Kruijs',42945947,'JVan der Kruijs@mail.com',8,'Coche con limitador de velocidad ajustable- para evitar superar los límites de velocidad en zonas controladas.'),
		(52,'Glynnis','Oneil',26639056,'GOneil@mail.com',7,'Auto con tecnología de asistencia para subidas- para evitar que el coche ruede hacia atrás en pendientes pronunciadas.'),
		(53,'Bette-ann','Showt',20430557,'BShowt@mail.com',10,'Vehículo con cortinas laterales de aire- para mayor protección en caso de impactos laterales durante un accidente.'),
		(54,'Nevins','Hugk',36700535,'NHugk@mail.com',8,'Auto con espejos retrovisores con calefacción- para evitar que se empañen en climas fríos o lluviosos.'),
		(55,'Sayer','Hegdonne',34284833,'SHegdonne@mail.com',7,'Vehículo con freno de mano electrónico- para mayor facilidad y seguridad al estacionar en diferentes terrenos.'),
		(56,'Annelise','Okenden',36842453,'AOkenden@mail.com',6,'Coche con sistema de protección contra vuelcos- para mayor seguridad en carreteras con curvas o terrenos accidentados.'),
		(57,'Laurence','Haselup',34749768,'LHaselup@mail.com',5,'Auto con función de autoaparado- para mayor seguridad en zonas con mucho tráfico o durante maniobras complejas.'),
		(58,'Brig','Gould',22614205,'BGould@mail.com',9,'Vehículo con pantalla táctil de alta resolución- para facilitar el acceso a controles de navegación y entretenimiento.'),
		(59,'Shanan','Silk',19615541,'SSilk@mail.com',8,'Auto con sistema de reconocimiento de señales de tráfico- para alertar al conductor sobre cambios en los límites de velocidad o advertencias.'),
		(60,'Susan','Merton',41678181,'SMerton@mail.com',8,'Vehículo con sistema de gestión de batería avanzada- para maximizar la autonomía de autos eléctricos o híbridos.'),
		(61,'Gottfried','Skrine',31876737,'GSkrine@mail.com',9,'Auto con asientos de ajuste eléctrico con memoria- para facilitar el cambio de conductores sin perder la configuración preferida.'),
		(62,'Abe','Pregel',28056293,'APregel@mail.com',5,'Vehículo con sistema de monitoreo de fatiga del conductor- para alertar sobre posibles signos de cansancio al volante.'),
		(63,'Sheree','Brion',33561882,'SBrion@mail.com',6,'Auto con llantas de bajo perfil- para una conducción más deportiva y mejor respuesta en carreteras de alta velocidad.'),
		(64,'Brianna','Mersey',19671761,'BMersey@mail.com',6,'Vehículo con sistema de estabilización de remolque- para mayor seguridad al conducir con cargas pesadas o caravanas.'),
		(65,'Kelcey','Gowers',40820957,'KGowers@mail.com',6,'Coche con tapicería de cuero perforado- para una mejor ventilación y confort en climas cálidos o fríos.'),
		(66,'Aliza','Vasyutin',34401052,'AVasyutin@mail.com',9,'Auto con tecnología de regeneración de energía en frenado- para maximizar la eficiencia en vehículos híbridos y eléctricos.'),
		(67,'Francine','Dryden',21613734,'FDryden@mail.com',9,'Vehículo con luces adaptativas- que ajustan el haz de luz según las condiciones de la carretera y el entorno.'),
		(68,'Connor','De-Ville',18184938,'CDe-Ville@mail.com',7,'Coche con sistema de advertencia de tráfico cruzado trasero- para mayor seguridad al retroceder en estacionamientos o calles concurridas.'),
		(69,'Cart','Salmoni',26892954,'CSalmoni@mail.com',9,'Auto con sistema de control de estabilidad avanzada- para prevenir derrapes en superficies mojadas o resbaladizas.'),
		(70,'Terza','Jakubowsky',41949206,'TJakubowsky@mail.com',5,'Vehículo con asientos calefaccionados en todas las plazas- ideal para climas fríos donde se necesita mayor confort.'),
		(71,'Temp','Birtwisle',26319172,'TBirtwisle@mail.com',10,'Coche con sistema de dirección asistida eléctrica- para una maniobrabilidad más precisa y ahorro de combustible.'),
		(72,'Tybalt','Silverman',20561358,'TSilverman@mail.com',10,'Auto con puertas de cierre suave- que reducen el esfuerzo al cerrar y mejoran el confort en la experiencia de uso.'),
		(73,'Coretta','Agott',28155483,'CAgott@mail.com',8,'Vehículo con sistema de visión nocturna- para mejorar la visibilidad durante la conducción en condiciones de baja luz.'),
		(74,'Dasi','Tibbotts',18930673,'DTibbotts@mail.com',5,'Auto con sistema de reducción de emisiones- ideal para clientes preocupados por el impacto ambiental de sus trayectos.'),
		(75,'Terry','Tesh',29881295,'TTesh@mail.com',10,'Vehículo con parabrisas acústico- para reducir el ruido exterior y mejorar el confort de conducción en áreas urbanas o autopistas.'),
		(76,'Ed','Logsdail',39788899,'ELogsdail@mail.com',6,'Auto con capacidad para adaptar una silla de ruedas o espacio para personas con movilidad reducida.'),
		(77,'Alyson','Pull',30516802,'APull@mail.com',9,'Auto con espejos retrovisores con calefacción- para evitar que se empañen en climas fríos o lluviosos.'),
		(78,'Micheal','Foan',41292885,'MFoan@mail.com',10,'Coche con tapicería de cuero perforado- para una mejor ventilación y confort en climas cálidos o fríos.'),
		(79,'Mercy','Auchterlonie',31135264,'MAuchterlonie@mail.com',6,'Auto con espejos retrovisores ajustables electrónicamente- para mayor comodidad y visibilidad al conducir.'),
		(80,'Leonardo','Boas',24893607,'LBoas@mail.com',5,'Vehículo con llantas todo terreno- para trayectos fuera de la carretera o en superficies con baja tracción.'),
		(81,'Terrijo','Christal',26571422,'TChristal@mail.com',6,'Vehículo con asientos ventilados- ideal para climas cálidos donde el cuero o la tela pueden acumular calor.'),
		(82,'Deerdre','Leggan',43603797,'DLeggan@mail.com',7,'Vehículo con luces adaptativas- que ajustan el haz de luz según las condiciones de la carretera y el entorno.'),
		(83,'Magda','Fairhurst',30777380,'MFairhurst@mail.com',10,'Coche con sistemas de ahorro de combustible- como el apagado automático del motor en detenciones prolongadas.'),
		(84,'Jorrie','Faulo',32001826,'JFaulo@mail.com',10,'Vehículo con freno de mano electrónico- para mayor facilidad y seguridad al estacionar en diferentes terrenos.'),
		(85,'Tommi','Pleager',33818335,'TPleager@mail.com',9,'Coche con limitador de velocidad ajustable- para evitar superar los límites de velocidad en zonas controladas.'),
		(86,'Abrahan','Mc Carrick',31633630,'AMc Carrick@mail.com',9,'Auto con sistema de frenado automático en reversa- para evitar colisiones al retroceder en espacios ajustados.'),
		(87,'Ema','Lewens',18951477,'ELewens@mail.com',7,'Auto con suspensión deportiva- para una experiencia de conducción más dinámica y ágil en carreteras con curvas.'),
		(88,'Jany','Wycliffe',27520969,'JWycliffe@mail.com',6,'Auto con función de autoaparado- para mayor seguridad en zonas con mucho tráfico o durante maniobras complejas.'),
		(89,'Geoffry','Izakov',25863617,'GIzakov@mail.com',7,'Vehículo con sistema de insonorización mejorado- para una experiencia de conducción más silenciosa y placentera.'),
		(90,'Wendel','Edmand',26749383,'WEdmand@mail.com',7,'Vehículo con sistema de gestión de batería avanzada- para maximizar la autonomía de autos eléctricos o híbridos.'),
		(91,'Flem','Conkie',21753071,'FConkie@mail.com',6,'Vehículo con cargador inalámbrico para dispositivos móviles- para una mayor comodidad y conectividad sin cables.'),
		(92,'Igor','Schwier',39009066,'ISchwier@mail.com',5,'Coche con sistema de dirección asistida eléctrica- para una maniobrabilidad más precisa y ahorro de combustible.'),
		(93,'Garik','Wort',41464167,'GWort@mail.com',9,'Auto con sistema de monitoreo de punto ciego- para ayudar a evitar accidentes al cambiar de carril o estacionar.'),
		(94,'Wood','Thomton',16814184,'WThomton@mail.com',7,'Auto con parabrisas calefactado- ideal para zonas frías donde la nieve o el hielo pueden afectar la visibilidad.'),
		(95,'Delila','Boundley',23092930,'DBoundley@mail.com',8,'Vehículo con sistema de sonido premium- para disfrutar de música y entretenimiento con la mejor calidad de audio.'),
		(96,'Wells','Crinkley',30673874,'WCrinkley@mail.com',7,'Vehículo con conectores USB para cargar dispositivos móviles y mantener la conectividad durante trayectos largos.'),
		(97,'Taylor','Ramelet',37637550,'TRamelet@mail.com',10,'Vehículo con cortinas laterales de aire- para mayor protección en caso de impactos laterales durante un accidente.'),
		(98,'Dottie','Wedlake',33822722,'DWedlake@mail.com',6,'Auto eléctrico con autonomía superior a 300 km- amigable con el medio ambiente y libre de emisiones contaminantes.'),
		(99,'Sherye','Forgie',19229977,'SForgie@mail.com',6,'Auto con sistema de control de estabilidad avanzada- para prevenir derrapes en superficies mojadas o resbaladizas.'),
		(100,'Sibeal','Kneeland',35074204,'SKneeland@mail.com',8,'Auto con puertas de cierre suave- que reducen el esfuerzo al cerrar y mejoran el confort en la experiencia de uso.'),
		(101,'Buckie','Lerohan',16530626,'BLerohan@mail.com',8,'Auto con asientos reclinables y climatización ajustable- para mayor confort en trayectos largos y climas extremos.'),
		(102,'Pavel','Drewell',16608708,'PDrewell@mail.com',9,'Vehículo con seguro contra todo riesgo incluido- para mayor tranquilidad del cliente en caso de accidentes o daños.'),
		(103,'Stearn','Walesa',33664861,'SWalesa@mail.com',8,'Vehículo con entrada sin llave y arranque a distancia- para mayor comodidad y seguridad al entrar y salir del auto.'),
		(104,'Mariska','Adrain',37495158,'MAdrain@mail.com',8,'Vehículo con capacidad de plegar asientos traseros- para aumentar el espacio de almacenamiento según sea necesario.'),
		(105,'Con','Longwood',34094773,'CLongwood@mail.com',6,'Vehículo con asientos calefaccionados en todas las plazas- ideal para climas fríos donde se necesita mayor confort.'),
		(106,'Samson','Enns',28672705,'SEnns@mail.com',9,'Auto con tecnología de frenado regenerativo- para aumentar la eficiencia energética en autos eléctricos o híbridos.'),
		(107,'Kelcey','Meert',22787046,'KMeert@mail.com',8,'Vehículo con sistema de estabilización de remolque- para mayor seguridad al conducir con cargas pesadas o caravanas.'),
		(108,'Ulysses','Kacheller',18912612,'UKacheller@mail.com',9,'Vehículo con faros automáticos y luces LED- para mejorar la visibilidad en carretera y proporcionar mayor seguridad.'),
		(109,'Phedra','Dyer',19830705,'PDyer@mail.com',9,'SUV con tracción en las cuatro ruedas- perfecto para trayectos off-road o terrenos irregulares- con mayor seguridad.'),
		(110,'Sarge','Bourgeois',16341640,'SBourgeois@mail.com',9,'Coche con sistema de asistencia de estacionamiento automático- para facilitar el aparcamiento en espacios reducidos.'),
		(111,'Clay','Gilmartin',22933116,'CGilmartin@mail.com',8,'Auto con llantas de bajo perfil- para una conducción más deportiva y mejor respuesta en carreteras de alta velocidad.'),
		(112,'Siouxie','Tufts',29689699,'STufts@mail.com',5,'Vehículo con sistema de visión nocturna- para mejorar la visibilidad durante la conducción en condiciones de baja luz.'),
		(113,'Yettie','De Luna',39181038,'YDe Luna@mail.com',6,'Vehículo con sistema de monitoreo de fatiga del conductor- para alertar sobre posibles signos de cansancio al volante.'),
		(114,'Teena','Tsarovic',24386015,'TTsarovic@mail.com',9,'Vehículo con pantalla táctil de alta resolución- para facilitar el acceso a controles de navegación y entretenimiento.'),
		(115,'Felic','Baxter',23592836,'FBaxter@mail.com',9,'Vehículo con capacidad para 7 pasajeros- ideal para viajes familiares o grupos grandes con amplio espacio de maletero.'),
		(116,'Say','Piggins',37994495,'SPiggins@mail.com',6,'Coche con sistema de protección contra vuelcos- para mayor seguridad en carreteras con curvas o terrenos accidentados.'),
		(117,'Romona','Darrach',15826729,'RDarrach@mail.com',7,'Auto híbrido con motor de combustión y eléctrico- para mayor eficiencia energética y ahorro en consumo de combustible.'),
		(118,'Vergil','Thompson',28487881,'VThompson@mail.com',8,'Auto con tecnología de asistencia para subidas- para evitar que el coche ruede hacia atrás en pendientes pronunciadas.'),
		(119,'Jilleen','Joy',19633264,'JJoy@mail.com',5,'Auto con sistema de reducción de emisiones- ideal para clientes preocupados por el impacto ambiental de sus trayectos.'),
		(120,'Tisha','Hodgets',15930680,'THodgets@mail.com',5,'Auto compacto para conducir en la ciudad- ideal para maniobras en espacios reducidos y con bajo consumo de combustible.'),
		(121,'Fredericka','Scanterbury',40943636,'FScanterbury@mail.com',9,'Coche con ventanas polarizadas- ideal para mayor privacidad y protección contra la luz solar intensa en climas cálidos.'),
		(122,'Harold','Bound',17184975,'HBound@mail.com',9,'Coche con cámaras de estacionamiento y sensores de proximidad- ideal para quienes desean mayor seguridad al estacionar.'),
		(123,'Cathy','Sabin',23024428,'CSabin@mail.com',5,'Auto con techo solar- para disfrutar de una mayor entrada de luz natural y una experiencia de conducción más placentera.'),
		(124,'Lexie','Goucher',17127623,'LGoucher@mail.com',6,'Vehículo con amplio espacio de maletero- ideal para transportar equipaje o grandes volúmenes en viajes largos o mudanzas.'),
		(125,'Chen','Andrag',41018496,'CAndrag@mail.com',5,'Auto con capacidad de remolque- perfecto para transportar caravanas- botes o cargas pesadas en viajes de larga distancia.'),
		(126,'Crystal','Burvill',44573516,'CBurvill@mail.com',7,'Auto con asistencia en carretera 24/7- para mayor seguridad en caso de averías o accidentes en cualquier momento del día.'),
		(127,'Catina','Bursell',32523406,'CBursell@mail.com',8,'Auto con tecnología de regeneración de energía en frenado- para maximizar la eficiencia en vehículos híbridos y eléctricos.'),
		(128,'Shawnee','Espinoy',29635085,'SEspinoy@mail.com',7,'Auto con capacidad para adaptar portaequipajes en el techo- ideal para quienes llevan equipos deportivos o grandes maletas.'),
		(129,'Dickie','Baud',29383610,'DBaud@mail.com',8,'Vehículo con iluminación ambiental personalizable- para crear una atmósfera única y agradable durante la conducción nocturna.'),
		(130,'Tamar','Gosby',25410552,'TGosby@mail.com',9,'Vehículo con frenos ABS y control de estabilidad- para garantizar mayor seguridad y control en condiciones adversas de manejo.'),
		(131,'Roselia','Adami',21369801,'RAdami@mail.com',6,'Vehículo con asientos para niños instalados- ideal para familias con bebés o niños pequeños que necesitan seguridad adicional.'),
		(132,'Ellary','Doubleday',17635391,'EDoubleday@mail.com',7,'Coche con conexión Bluetooth y sistemas de entretenimiento avanzados- para disfrutar de música y llamadas en trayectos largos.'),
		(133,'Timofei','Poon',30140282,'TPoon@mail.com',7,'Auto con tapicería resistente a manchas- ideal para quienes viajan con niños o mascotas y buscan un vehículo fácil de limpiar.'),
		(134,'Giselle','Barttrum',23823063,'GBarttrum@mail.com',10,'Auto deportivo con alta potencia- para los clientes que buscan una experiencia de conducción emocionante y de alto rendimiento.'),
		(135,'Rubina','Iczokvitz',16939720,'RIczokvitz@mail.com',9,'Coche de lujo con interior de cuero y tecnología avanzada- ideal para eventos especiales o clientes que buscan máxima comodidad.'),
		(136,'Benjamen','Comberbach',31408203,'BComberbach@mail.com',6,'Auto con sistema de purificación de aire- ideal para personas con alergias o quienes desean aire más limpio dentro del vehículo.'),
		(137,'Layla','Raxworthy',22810693,'LRaxworthy@mail.com',5,'Vehículo con GPS incorporado para facilitar la navegación en ciudades desconocidas o zonas rurales sin acceso a señal de celular.'),
		(138,'Whitman','McCrohon',30748757,'WMcCrohon@mail.com',6,'Auto con volante ajustable en altura y profundidad- para personalizar la posición de conducción según la preferencia del cliente.'),
		(139,'Onofredo','Chaudron',42969124,'OChaudron@mail.com',10,'Auto con control crucero adaptativo- para mantener una velocidad constante en la carretera sin necesidad de acelerar manualmente.'),
		(140,'Clair','Andriesse',33873056,'CAndriesse@mail.com',6,'Auto con asientos de ajuste eléctrico con memoria- para facilitar el cambio de conductores sin perder la configuración preferida.'),
		(141,'Carine','Simmonds',38095319,'CSimmonds@mail.com',6,'Vehículo con parabrisas acústico- para reducir el ruido exterior y mejorar el confort de conducción en áreas urbanas o autopistas.'),
		(142,'Rory','Oldroyde',17425496,'ROldroyde@mail.com',10,'Coche con sistema de control de presión de neumáticos- para alertar sobre posibles problemas en las ruedas y mejorar la seguridad.'),
		(143,'Baudoin','Wogan',44240985,'BWogan@mail.com',7,'Coche con sistema de alerta de colisión frontal- para mayor seguridad en caso de acercarse demasiado a otro vehículo en carretera.'),
		(144,'Melissa','Prescote',23260065,'MPrescote@mail.com',7,'Vehículo con sistema de tracción inteligente- para mayor control en terrenos resbaladizos o durante condiciones climáticas adversas.'),
		(145,'Agretha','Espinha',38470763,'AEspinha@mail.com',7,'Vehículo con transmisión automática- para facilitar la conducción y evitar el cansancio en trayectos largos en la ciudad o carretera.'),
		(146,'Reidar','O Hear',15155407,'ROHear@mail.com',6,'Vehículo con sistemas de asistencia de conducción- como alerta de cambio de carril y frenado automático en situaciones de emergencia.'),
		(147,'Anselma','Shovlar',37728237,'AShovlar@mail.com',6,'Vehículo con capacidad para integrar aplicaciones móviles- como Apple CarPlay o Android Auto- para una experiencia de manejo conectada.'),
		(148,'Fidel','Smelley',30249569,'FSmelley@mail.com',8,'Vehículo con sistema de climatización dual- para que tanto el conductor como el pasajero puedan ajustar la temperatura a su preferencia.'),
		(149,'Horten','Cook',21250961,'HCook@mail.com',7,'Coche con sistema de advertencia de tráfico cruzado trasero- para mayor seguridad al retroceder en estacionamientos o calles concurridas.'),
		(150,'Nickie','Heppner',38402343,'NHeppner@mail.com',7,'Auto con sistema de reconocimiento de señales de tráfico- para alertar al conductor sobre cambios en los límites de velocidad o advertencias.'),
		(151,'Melina','Nunson',32193954,'MNunson@mail.com',8,'Auto con sistema de reconocimiento de señales de tráfico- para alertar al conductor sobre cambios en los límites de velocidad o advertencias.'),
		(152,'Kenton','Dies',43404289,'KDies@mail.com',7,'Coche con sistema de advertencia de tráfico cruzado trasero- para mayor seguridad al retroceder en estacionamientos o calles concurridas.'),
		(153,'Nert','Marcoolyn',15906607,'NMarcoolyn@mail.com',6,'Vehículo con sistema de climatización dual- para que tanto el conductor como el pasajero puedan ajustar la temperatura a su preferencia.'),
		(154,'Angelo','Boldecke',19679859,'ABoldecke@mail.com',9,'Vehículo con capacidad para integrar aplicaciones móviles- como Apple CarPlay o Android Auto- para una experiencia de manejo conectada.'),
		(155,'Tomkin','Mattiello',35153288,'TMattiello@mail.com',5,'Vehículo con transmisión automática- para facilitar la conducción y evitar el cansancio en trayectos largos en la ciudad o carretera.'),
		(156,'Ketty','Boggers',41821638,'KBoggers@mail.com',6,'Vehículo con sistemas de asistencia de conducción- como alerta de cambio de carril y frenado automático en situaciones de emergencia.'),
		(157,'Cindy','Byfford',34670825,'CByfford@mail.com',6,'Vehículo con sistema de tracción inteligente- para mayor control en terrenos resbaladizos o durante condiciones climáticas adversas.'),
		(158,'Lucky','Thoday',36526061,'LThoday@mail.com',8,'Vehículo con parabrisas acústico- para reducir el ruido exterior y mejorar el confort de conducción en áreas urbanas o autopistas.'),
		(159,'Stearne','D Almeida',33984714,'SDAlmeida@mail.com',6,'Coche con sistema de control de presión de neumáticos- para alertar sobre posibles problemas en las ruedas y mejorar la seguridad.'),
		(160,'Leon','Van Velde',19067439,'LVan Velde@mail.com',7,'Coche con sistema de alerta de colisión frontal- para mayor seguridad en caso de acercarse demasiado a otro vehículo en carretera.'),
		(161,'Corina','Dionisetti',23439332,'CDionisetti@mail.com',9,'Vehículo con GPS incorporado para facilitar la navegación en ciudades desconocidas o zonas rurales sin acceso a señal de celular.'),
		(162,'Gwynne','Langtry',41679674,'GLangtry@mail.com',8,'Auto con volante ajustable en altura y profundidad- para personalizar la posición de conducción según la preferencia del cliente.'),
		(163,'Osbourne','Pickthorn',36617053,'OPickthorn@mail.com',8,'Auto con control crucero adaptativo- para mantener una velocidad constante en la carretera sin necesidad de acelerar manualmente.'),
		(164,'Carole','Ellingford',36356382,'CEllingford@mail.com',8,'Auto con asientos de ajuste eléctrico con memoria- para facilitar el cambio de conductores sin perder la configuración preferida.'),
		(165,'Rog','Iacovini',29826176,'RIacovini@mail.com',5,'Coche de lujo con interior de cuero y tecnología avanzada- ideal para eventos especiales o clientes que buscan máxima comodidad.'),
		(166,'Trula','Knotton',38160169,'TKnotton@mail.com',6,'Auto con sistema de purificación de aire- ideal para personas con alergias o quienes desean aire más limpio dentro del vehículo.'),
		(167,'Jemmy','Aveline',31512656,'JAveline@mail.com',9,'Auto deportivo con alta potencia- para los clientes que buscan una experiencia de conducción emocionante y de alto rendimiento.'),
		(168,'Katya','Riddington',37122295,'KRiddington@mail.com',9,'Vehículo con frenos ABS y control de estabilidad- para garantizar mayor seguridad y control en condiciones adversas de manejo.'),
		(169,'Neddie','Joliffe',18932138,'NJoliffe@mail.com',5,'Vehículo con asientos para niños instalados- ideal para familias con bebés o niños pequeños que necesitan seguridad adicional.'),
		(170,'Humphrey','Bromage',28328107,'HBromage@mail.com',10,'Coche con conexión Bluetooth y sistemas de entretenimiento avanzados- para disfrutar de música y llamadas en trayectos largos.'),
		(171,'Gypsy','Eburne',31793190,'GEburne@mail.com',7,'Auto con tapicería resistente a manchas- ideal para quienes viajan con niños o mascotas y buscan un vehículo fácil de limpiar.'),
		(172,'Sonny','Meekings',42032923,'SMeekings@mail.com',5,'Vehículo con iluminación ambiental personalizable- para crear una atmósfera única y agradable durante la conducción nocturna.'),
		(173,'Marian','Limer',43385008,'MLimer@mail.com',7,'Auto con tecnología de regeneración de energía en frenado- para maximizar la eficiencia en vehículos híbridos y eléctricos.'),
		(174,'Sam','Franzolini',17073606,'SFranzolini@mail.com',8,'Auto con capacidad para adaptar portaequipajes en el techo- ideal para quienes llevan equipos deportivos o grandes maletas.'),
		(175,'Natividad','Sussans',30530853,'NSussans@mail.com',5,'Vehículo con amplio espacio de maletero- ideal para transportar equipaje o grandes volúmenes en viajes largos o mudanzas.'),
		(176,'Shepard','Cubley',43945624,'SCubley@mail.com',9,'Auto con capacidad de remolque- perfecto para transportar caravanas- botes o cargas pesadas en viajes de larga distancia.'),
		(177,'Vanna','Grocock',42799953,'VGrocock@mail.com',9,'Auto con asistencia en carretera 24/7- para mayor seguridad en caso de averías o accidentes en cualquier momento del día.'),
		(178,'Anabelle','Ziem',31679793,'AZiem@mail.com',10,'Auto con techo solar- para disfrutar de una mayor entrada de luz natural y una experiencia de conducción más placentera.'),
		(179,'Basia','Padrick',33260455,'BPadrick@mail.com',6,'Auto compacto para conducir en la ciudad- ideal para maniobras en espacios reducidos y con bajo consumo de combustible.'),
		(180,'Abram','Matteacci',33916876,'AMatteacci@mail.com',7,'Coche con ventanas polarizadas- ideal para mayor privacidad y protección contra la luz solar intensa en climas cálidos.'),
		(181,'Jayme','Mauser',26369314,'JMauser@mail.com',6,'Coche con cámaras de estacionamiento y sensores de proximidad- ideal para quienes desean mayor seguridad al estacionar.'),
		(182,'Weidar','Stonier',42098044,'WStonier@mail.com',5,'Vehículo con sistema de visión nocturna- para mejorar la visibilidad durante la conducción en condiciones de baja luz.'),
		(183,'Josy','Van Dijk',23980327,'JVan Dijk@mail.com',8,'Vehículo con sistema de monitoreo de fatiga del conductor- para alertar sobre posibles signos de cansancio al volante.'),
		(184,'Boonie','Mougenel',39966693,'BMougenel@mail.com',7,'Vehículo con pantalla táctil de alta resolución- para facilitar el acceso a controles de navegación y entretenimiento.'),
		(185,'Norine','Frenzel',17452983,'Nfrenzel@mail.com',7,'Vehículo con capacidad para 7 pasajeros- ideal para viajes familiares o grupos grandes con amplio espacio de maletero.'),
		(186,'Lilyan','Pomroy',19871396,'lpomroy55@biglobe.ne.jp',9,'Coche con sistema de protección contra vuelcos- para mayor seguridad en carreteras con curvas o terrenos accidentados.'),
		(187,'Vivienne','Druce',34107560,'vdruce56@wikipedia.org',6,'Auto híbrido con motor de combustión y eléctrico- para mayor eficiencia energética y ahorro en consumo de combustible.'),
		(188,'Maris','Cisson',32668689,'mcisson57@flavors.me',7,'Auto con tecnología de asistencia para subidas- para evitar que el coche ruede hacia atrás en pendientes pronunciadas.'),
		(189,'Ira','Ibotson',35893188,'iibotson58@wisc.edu',8,'Auto con sistema de reducción de emisiones- ideal para clientes preocupados por el impacto ambiental de sus trayectos.'),
		(190,'Letisha','Tolmie',33697530,'ltolmie59@nhs.uk',7,'Auto con llantas de bajo perfil- para una conducción más deportiva y mejor respuesta en carreteras de alta velocidad.'),
		(191,'Juliet','Whiteland',21353341,'jwhiteland5a@cnbc.com',6,'Vehículo con sistema de estabilización de remolque- para mayor seguridad al conducir con cargas pesadas o caravanas.'),
		(192,'Rebeka','Melmeth',36987449,'rmelmeth5b@cdbaby.com',6,'Vehículo con faros automáticos y luces LED- para mejorar la visibilidad en carretera y proporcionar mayor seguridad.'),
		(193,'Mikel','Hannen',27482670,'mhannen5c@joomla.org',6,'SUV con tracción en las cuatro ruedas- perfecto para trayectos off-road o terrenos irregulares- con mayor seguridad.'),
		(194,'Virgilio','Shaughnessy',37427938,'vshaughnessy5d@amazon.co.uk',6,'Coche con sistema de asistencia de estacionamiento automático- para facilitar el aparcamiento en espacios reducidos.'),
		(195,'Westbrook','Zanussii',44985693,'wzanussii5e@accuweather.com',9,'Vehículo con seguro contra todo riesgo incluido- para mayor tranquilidad del cliente en caso de accidentes o daños.'),
		(196,'Moria','Parres',31108909,'mparres5f@bloglines.com',8,'Vehículo con entrada sin llave y arranque a distancia- para mayor comodidad y seguridad al entrar y salir del auto.'),
		(197,'Samara','Stansbie',34749281,'sstansbie5g@canalblog.com',7,'Vehículo con capacidad de plegar asientos traseros- para aumentar el espacio de almacenamiento según sea necesario.'),
		(198,'Emmey','Dessaur',27621745,'edessaur5h@omniture.com',7,'Vehículo con asientos calefaccionados en todas las plazas- ideal para climas fríos donde se necesita mayor confort.'),
		(199,'Cameron','Bosenworth',22262911,'cbosenworth5i@census.gov',8,'Auto con tecnología de frenado regenerativo- para aumentar la eficiencia energética en autos eléctricos o híbridos.'),
		(200,'Kaleb','Crier',43424098,'kcrier5j@answers.com',9,'Vehículo con cortinas laterales de aire- para mayor protección en caso de impactos laterales durante un accidente.'),
		(201,'Shayne','Spicer',19227616,'sspicer5k@bing.com',5,'Auto eléctrico con autonomía superior a 300 km- amigable con el medio ambiente y libre de emisiones contaminantes.'),
		(202,'Margo','Flann',34420710,'mflann5l@php.net',7,'Auto con sistema de control de estabilidad avanzada- para prevenir derrapes en superficies mojadas o resbaladizas.'),
		(203,'Benji','Swaile',30648860,'bswaile5m@nasa.gov',9,'Auto con puertas de cierre suave- que reducen el esfuerzo al cerrar y mejoran el confort en la experiencia de uso.'),
		(204,'Caro','Cartwright',25238040,'ccartwright5n@studiopress.com',7,'Auto con asientos reclinables y climatización ajustable- para mayor confort en trayectos largos y climas extremos.'),
		(205,'Madelina','Kimmins',33856643,'mkimmins5o@studiopress.com',9,'Vehículo con sistema de sonido premium- para disfrutar de música y entretenimiento con la mejor calidad de audio.'),
		(206,'Dorian','Hazelden',24917079,'dhazelden5p@accuweather.com',9,'Vehículo con conectores USB para cargar dispositivos móviles y mantener la conectividad durante trayectos largos.'),
		(207,'Silvain','Losty',28816933,'slosty5q@surveymonkey.com',9,'Vehículo con sistema de insonorización mejorado- para una experiencia de conducción más silenciosa y placentera.'),
		(208,'Crin','Lowater',23646841,'clowater5r@so-net.ne.jp',6,'Vehículo con sistema de gestión de batería avanzada- para maximizar la autonomía de autos eléctricos o híbridos.'),
		(209,'Quincey','Falcus',15144362,'qfalcus5s@vistaprint.com',10,'Vehículo con cargador inalámbrico para dispositivos móviles- para una mayor comodidad y conectividad sin cables.'),
		(210,'Daveen','Vel',15834570,'dvel5t@google.com.au',8,'Coche con sistema de dirección asistida eléctrica- para una maniobrabilidad más precisa y ahorro de combustible.'),
		(211,'Valenka','Sandercock',35451794,'vsandercock5u@wired.com',8,'Auto con sistema de monitoreo de punto ciego- para ayudar a evitar accidentes al cambiar de carril o estacionar.'),
		(212,'Vanessa','Stirton',25391906,'vstirton5v@cpanel.net',7,'Auto con parabrisas calefactado- ideal para zonas frías donde la nieve o el hielo pueden afectar la visibilidad.'),
		(213,'Betteanne','Doddemeede',22282111,'bdoddemeede5w@wunderground.com',7,'Auto con suspensión deportiva- para una experiencia de conducción más dinámica y ágil en carreteras con curvas.'),
		(214,'Duncan','Wrankling',21470221,'dwrankling5x@berkeley.edu',6,'Auto con función de autoaparado- para mayor seguridad en zonas con mucho tráfico o durante maniobras complejas.'),
		(215,'Sissie','Robinette',31862449,'srobinette5y@comcast.net',6,'Vehículo con freno de mano electrónico- para mayor facilidad y seguridad al estacionar en diferentes terrenos.'),
		(216,'Oralle','Sawforde',23401643,'osawforde5z@cam.ac.uk',10,'Coche con limitador de velocidad ajustable- para evitar superar los límites de velocidad en zonas controladas.'),
		(217,'Amandie','Julian',25370047,'ajulian60@webmd.com',8,'Auto con sistema de frenado automático en reversa- para evitar colisiones al retroceder en espacios ajustados.'),
		(218,'Jinny','Snary',41180046,'jsnary61@tiny.cc',6,'Vehículo con luces adaptativas- que ajustan el haz de luz según las condiciones de la carretera y el entorno.'),
		(219,'Dalis','Hentzer',25488953,'dhentzer62@a8.net',9,'Coche con sistemas de ahorro de combustible- como el apagado automático del motor en detenciones prolongadas.'),
		(220,'Luce','Gytesham',33237820,'lgytesham63@dailymotion.com',6,'Vehículo con llantas todo terreno- para trayectos fuera de la carretera o en superficies con baja tracción.'),
		(221,'Wayne','Forward',36608081,'wforward64@archive.org',10,'Vehículo con asientos ventilados- ideal para climas cálidos donde el cuero o la tela pueden acumular calor.'),
		(222,'Zulema','Issatt',32755818,'zissatt65@tripadvisor.com',7,'Auto con espejos retrovisores ajustables electrónicamente- para mayor comodidad y visibilidad al conducir.'),
		(223,'Ermengarde','Bardell',18301907,'ebardell66@youtu.be',8,'Coche con tapicería de cuero perforado- para una mejor ventilación y confort en climas cálidos o fríos.'),
		(224,'Olivette','Cogley',20641512,'ocogley67@infoseek.co.jp',7,'Auto con espejos retrovisores con calefacción- para evitar que se empañen en climas fríos o lluviosos.'),
		(225,'Bucky','Dalziel',16506432,'bdalziel68@usatoday.com',7,'Auto con capacidad para adaptar una silla de ruedas o espacio para personas con movilidad reducida.'),
		(226,'Nat','Pendlenton',33261871,'npendlenton69@chronoengine.com',8,'Vehículo con cortinas laterales de aire- para mayor protección en caso de impactos laterales durante un accidente.'),
		(227,'Allx','Klaaassen',25667298,'aklaaassen6a@arizona.edu',9,'Auto eléctrico con autonomía superior a 300 km- amigable con el medio ambiente y libre de emisiones contaminantes.'),
		(228,'Wald','Sweeten',42220359,'wsweeten6b@nbcnews.com',9,'Auto con sistema de control de estabilidad avanzada- para prevenir derrapes en superficies mojadas o resbaladizas.'),
		(229,'Ethelind','Haward',37811663,'ehaward6c@joomla.org',6,'Auto con puertas de cierre suave- que reducen el esfuerzo al cerrar y mejoran el confort en la experiencia de uso.'),
		(230,'Fae','Trusler',19028938,'ftrusler6d@boston.com',10,'Auto con asientos reclinables y climatización ajustable- para mayor confort en trayectos largos y climas extremos.'),
		(231,'Celeste','Jacobowitz',17274969,'cjacobowitz6e@marriott.com',6,'Vehículo con sistema de sonido premium- para disfrutar de música y entretenimiento con la mejor calidad de audio.'),
		(232,'Winnah','Pharoah',23585355,'wpharoah6f@fc2.com',8,'Vehículo con conectores USB para cargar dispositivos móviles y mantener la conectividad durante trayectos largos.'),
		(233,'Myrah','Hove',31517810,'mhove6g@reference.com',7,'Vehículo con sistema de insonorización mejorado- para una experiencia de conducción más silenciosa y placentera.'),
		(234,'Martin','Grundey',40321359,'mgrundey6h@reuters.com',8,'Vehículo con sistema de gestión de batería avanzada- para maximizar la autonomía de autos eléctricos o híbridos.'),
		(235,'Merralee','Toolan',39847949,'mtoolan6i@newyorker.com',7,'Vehículo con cargador inalámbrico para dispositivos móviles- para una mayor comodidad y conectividad sin cables.'),
		(236,'Dyanne','Totaro',40028764,'dtotaro6j@hugedomains.com',7,'Coche con sistema de dirección asistida eléctrica- para una maniobrabilidad más precisa y ahorro de combustible.'),
		(237,'Ivette','Rainon',37529681,'irainon6k@nydailynews.com',8,'Auto con sistema de monitoreo de punto ciego- para ayudar a evitar accidentes al cambiar de carril o estacionar.'),
		(238,'Worthington','Ruddock',28170797,'wruddock6l@flavors.me',8,'Auto con parabrisas calefactado- ideal para zonas frías donde la nieve o el hielo pueden afectar la visibilidad.'),
		(239,'Lezley','Droghan',28378099,'ldroghan6m@paginegialle.it',9,'Auto con suspensión deportiva- para una experiencia de conducción más dinámica y ágil en carreteras con curvas.'),
		(240,'Nathanael','Boulter',35088917,'nboulter6n@forbes.com',9,'Auto con función de autoaparado- para mayor seguridad en zonas con mucho tráfico o durante maniobras complejas.'),
		(241,'Margarita','Gilbody',21911244,'mgilbody6o@mit.edu',10,'Vehículo con freno de mano electrónico- para mayor facilidad y seguridad al estacionar en diferentes terrenos.'),
		(242,'Theresita','Ellesworthe',25802646,'tellesworthe6p@ehow.com',5,'Coche con limitador de velocidad ajustable- para evitar superar los límites de velocidad en zonas controladas.'),
		(243,'Kean','Ludmann',32272978,'kludmann6q@dot.gov',9,'Auto con sistema de frenado automático en reversa- para evitar colisiones al retroceder en espacios ajustados.'),
		(244,'Rodina','O Deoran',23895109,'rodeoran6r@1und1.de',9,'Vehículo con luces adaptativas- que ajustan el haz de luz según las condiciones de la carretera y el entorno.'),
		(245,'Brok','Capewell',16271538,'bcapewell6s@yellowbook.com',9,'Coche con sistemas de ahorro de combustible- como el apagado automático del motor en detenciones prolongadas.'),
		(246,'Samuele','Sigsworth',32543112,'ssigsworth6t@youtu.be',6,'Vehículo con llantas todo terreno- para trayectos fuera de la carretera o en superficies con baja tracción.'),
		(247,'Kat','Kirkwood',26036174,'kkirkwood6u@discovery.com',7,'Vehículo con asientos ventilados- ideal para climas cálidos donde el cuero o la tela pueden acumular calor.'),
		(248,'Tuckie','Duham',30688069,'tduham6v@4shared.com',8,'Auto con espejos retrovisores ajustables electrónicamente- para mayor comodidad y visibilidad al conducir.'),
		(249,'Lynett','Diviny',40111494,'ldiviny6w@tumblr.com',8,'Coche con tapicería de cuero perforado- para una mejor ventilación y confort en climas cálidos o fríos.'),
		(250,'Fredrick','Spaughton',32951806,'fspaughton6x@sbwire.com',10,'Auto con espejos retrovisores con calefacción- para evitar que se empañen en climas fríos o lluviosos.');

INSERT INTO
		rac_ar.sucursales (id_sucursal,nombre_sucursal,tipo_sucursal,direccion,telefono)
        VALUES
        (1,'Salta Stand - Aerop Gral M.M.Güemes','Stand','RN51 5- A4400 Salta',374221756-2209),
		(2,'Salta Centro','Oficina','Av. Entre Ríos 399-349- A4400 Salta',855717487-0468),
		(3,'Jujuy Stand - Aerop Dr.H.Guzmán','Stand','Ruta Provincial 66 s/n. Y4610 Perico. Jujuy',308758837054),
		(4,'Jujuy Centro','Oficina','Av. El Exodo 777- Y4607ATH San Salvador de Jujuy. Jujuy',86779646-6582),
		(5,'Mendoza Stand - Aerop El Plumerillo','Stand','Acceso A Aeropuerto Internacional Gabrielli F. J. Las Heras. Mendoza',54235426-7953);

INSERT INTO
		rac_ar.proveedores (id_proveedor,nombre,tipo_acuerdo,detalle_acuerdo,contacto,id_sucursal)
		VALUES
         ('1','Altos del Norte Automotores','Soporte Técnico Prioritario','Las concesionarias ofrecen soporte técnico inmediato en caso de fallos o problemas mecánicos.','472- 1120328',3),
		('2','Automotores del Norte','Soporte Técnico Prioritario','Las concesionarias ofrecen soporte técnico inmediato en caso de fallos o problemas mecánicos.','873- 9090725',4),
		('3','Automotores del Norte','Compra de Vehículos Usados','Acuerdo para adquirir vehículos seminuevos a precios competitivos para ampliar la flota.','157- 8785633',1),
		('4','Salta Motors','Vehículos de Prueba para Clientes','Las concesionarias prestan vehículos nuevos para que los clientes de la rentadora los prueben.','831- 5013641',3),
		('5','Automotores del Norte','Descuentos por Compra de Flota','Acuerdo para obtener descuentos al comprar múltiples vehículos para la renovación de la flota.','228- 7269872',4),
		('6','Salta Motors','Financiamiento Especial para Flota','Ofrecimiento de planes de financiamiento a largo plazo para la compra de vehículos por la rentadora.','475- 2897174',5),
		('7','Salta Motors','Financiamiento Especial para Flota','Ofrecimiento de planes de financiamiento a largo plazo para la compra de vehículos por la rentadora.','478- 3033717',2),
		('8','Jujuy Auto S.A.','Mantenimiento Preferencial','Contrato para recibir servicios de mantenimiento y reparación con tarifas preferenciales.','866- 8178775',2),
		('9','Automotores del Norte','Servicio de Recambio de Unidades','Las concesionarias facilitan el recambio de vehículos usados por nuevos en condiciones ventajosas.','460- 4497089',1),
		('10','Jujuy Auto S.A.','Soporte Técnico Prioritario','Las concesionarias ofrecen soporte técnico inmediato en caso de fallos o problemas mecánicos.','882- 1373916',1),
		('11','Jujuy Auto S.A.','Publicidad Conjunta','La rentadora y las concesionarias realizan campañas publicitarias conjuntas para atraer clientes.','946- 2204151',5),
		('12','Jujuy Auto S.A.','Soporte Técnico Prioritario','Las concesionarias ofrecen soporte técnico inmediato en caso de fallos o problemas mecánicos.','624- 8656168',4),
		('13','Automotores del Norte','Compra de Vehículos Usados','Acuerdo para adquirir vehículos seminuevos a precios competitivos para ampliar la flota.','399- 6768973',3),
		('14','Altos del Norte Automotores','Mantenimiento Preferencial','Contrato para recibir servicios de mantenimiento y reparación con tarifas preferenciales.','324- 1959993',2),
		('15','Automotores del Norte','Servicio de Recambio de Unidades','Las concesionarias facilitan el recambio de vehículos usados por nuevos en condiciones ventajosas.','538- 7256804',3),
		('16','Salta Motors','Suministro de Repuestos Originales','Contrato para obtener piezas y repuestos originales con descuentos para el mantenimiento de la flota.','627- 3746963',4),
		('17','Salta Motors','Descuentos por Compra de Flota','Acuerdo para obtener descuentos al comprar múltiples vehículos para la renovación de la flota.','547- 7558477',4),
		('18','Altos del Norte Automotores','Suministro de Repuestos Originales','Contrato para obtener piezas y repuestos originales con descuentos para el mantenimiento de la flota.','866- 3787303',4),
		('19','Salta Motors','Servicio de Recambio de Unidades','Las concesionarias facilitan el recambio de vehículos usados por nuevos en condiciones ventajosas.','635- 7491533',4)
		;


INSERT INTO
		rac_ar.empleados (id_empleado,nombre,puesto,fecha_contrato,evaluacion_performance,id_sucursal)
        VALUES
        (1,'Karly Colston','mantenimiento','2024/8/17',8.02,1),
		(2,'Alejandrina Lawler','mantenimiento','2023/12/1',7.28,4),
		(3,'Lorraine Margrett','CEO','2024/3/1',5.03,2),
		(4,'Mame MacGillacolm','mantenimiento','2023/12/1',5.45,5),
		(5,'Benedikt Joreau','Vendedor','2024/4/17',8.87,4),
		(6,'Maggie Pawnsford','General Manager','2024/5/30',5.51,2),
		(7,'Analiese O Hickey','Vendedor','2024/1/6',8.42,4),
		(8,'Jobye Elt','Vendedor','2024/6/7',9.35,2),
		(9,'Emalee Potbury','Vendedor','2024/2/20',7.26,2),
		(10,'Rolph Tugman','Vendedor','2023/10/3',8.52,4),
		(11,'Bert Canfer','Product Manager','2024/2/16',8.48,3),
		(12,'Prentice McLae','Vendedor','2024/4/7',5.81,2),
		(13,'Ruthy Baldcock','Vendedor','2024/9/18',6.54,1),
		(14,'Bobbette Cansdill','Product Manager','2023/11/29',6.17,5),
		(15,'Tess Angrock','Vendedor','2024/3/30',5.78,2),
		(16,'Quintus Birmingham','Project Manager','2023/11/16',8.15,2),
		(17,'Nil Millar','Vendedor','2024/7/5',8.06,1),
		(18,'Chauncey Thing','Vendedor','2024/3/22',9.26,3),
		(19,'Hilly Trumpeter','Vendedor','2024/1/24',9.18,5),
		(20,'Sharyl Yaneev','Vendedor','2024/3/1',8.4,5),
		(21,'Henryetta Semens','Vendedor','2024/3/24',5.33,3),
		(22,'Nerita Feavyour','Vendedor','2024/8/15',6.78,3),
		(23,'Lia Tomkies','Vendedor','2023/11/2',6.85,5),
		(24,'Norrie Grimsdike','Vendedor','2024/7/30',9.74,1),
		(25,'Maribeth Davsley','Customer Service Rep','2024/3/31',5.94,1),
		(26,'Hadlee Lovel','RRHH','2024/2/12',9.32,2),
		(27,'Beale Scutter','RRPP','2024/5/20',6.55,1);
   
INSERT INTO
		rac_ar.adicionales  (id_adicional,servicio_adicional,costo_serv_adic)
        VALUES
		(1,'Asiento bebe',0.99),
		(2,'Asiento infante',1.35),
		(3,'Conductor adicional',1.55),
		(4,'GPS',0.53),
		(5,'multas total',3.87),
		(6,'Seguro parcial',3.00),
		(7,'Seguro total',5.55);

INSERT INTO
		rac_ar.tarifas (id_tarifa,tipo_de_auto,precio_diario)
        VALUES
        (1,'Compacto',32.99),
		(2,'Mediano',36.99),
		(3,'SUV',44.99),
		(4,'PickUp',58.99),
		(5,'Lujo',98.99);

INSERT INTO
		rac_ar.pago (id_pago,id_tarifa,id_adicional,fecha_transaccion,metodo_pago)
        VALUES
        (1,2,1,'2022/1/4','maestro'),
		(2,3,5,'2022/1/5','maestro'),
		(3,1,6,'2022/1/6','Efectivo'),
		(4,2,5,'2022/1/8','maestro'),
		(5,2,3,'2022/1/9','americanexpress'),
		(6,3,7,'2022/1/12','diners-club'),
		(7,4,5,'2022/1/17','maestro'),
		(8,4,5,'2022/1/18','visa-electron'),
		(9,5,1,'2022/1/21','mastercard'),
		(10,5,3,'2022/1/28','americanexpress'),
		(11,5,5,'2022/2/1','MODO'),
		(12,1,2,'2022/2/11','Efectivo'),
		(13,3,7,'2022/2/14','Efectivo Dolares'),
		(14,2,1,'2022/2/17','visa'),
		(15,2,6,'2022/2/18','Efectivo Dolares'),
		(16,1,4,'2022/2/20','visa'),
		(17,5,2,'2022/3/3','mastercard'),
		(18,5,2,'2022/3/5','MODO'),
		(19,3,3,'2022/3/5','visa'),
		(20,3,3,'2022/3/7','MODO'),
		(21,4,7,'2022/3/9','mastercard'),
		(22,2,1,'2022/3/12','mastercard'),
		(23,1,5,'2022/3/22','Efectivo Dolares'),
		(24,3,5,'2022/3/23','Mercado Pago'),
		(25,3,1,'2022/3/23','diners-club'),
		(26,2,4,'2022/3/31','Efectivo'),
		(27,4,4,'2022/4/3','MODO'),
		(28,5,1,'2022/4/9','diners-club'),
		(29,2,7,'2022/4/15','maestro'),
		(30,2,2,'2022/4/16','visa-electron'),
		(31,1,6,'2022/4/16','MODO'),
		(32,5,5,'2022/4/17','MODO'),
		(33,5,2,'2022/4/18','maestro'),
		(34,1,2,'2022/4/21','visa-electron'),
		(35,2,4,'2022/4/27','americanexpress'),
		(36,2,2,'2022/4/28','visa'),
		(37,1,5,'2022/4/29','americanexpress'),
		(38,2,5,'2022/4/29','maestro'),
		(39,1,7,'2022/4/30','diners-club'),
		(40,4,6,'2022/5/15','Efectivo Dolares'),
		(41,5,5,'2022/5/17','MODO'),
		(42,4,4,'2022/5/19','americanexpress'),
		(43,3,4,'2022/5/24','Efectivo'),
		(44,2,1,'2022/5/25','Mercado Pago'),
		(45,2,4,'2022/5/25','Mercado Pago'),
		(46,4,1,'2022/5/26','mastercard'),
		(47,3,2,'2022/5/26','MODO'),
		(48,3,1,'2022/5/28','mastercard'),
		(49,3,6,'2022/6/5','diners-club'),
		(50,4,1,'2022/6/8','diners-club'),
		(51,1,4,'2022/6/9','visa-electron'),
		(52,5,5,'2022/6/13','Efectivo'),
		(53,1,3,'2022/6/15','americanexpress'),
		(54,4,1,'2022/6/16','diners-club'),
		(55,3,5,'2022/6/18','mastercard'),
		(56,1,2,'2022/6/19','americanexpress'),
		(57,2,4,'2022/6/21','maestro'),
		(58,5,4,'2022/6/23','visa'),
		(59,4,2,'2022/6/24','americanexpress'),
		(60,4,4,'2022/6/30','maestro'),
		(61,5,4,'2022/7/6','americanexpress'),
		(62,4,1,'2022/7/9','Efectivo'),
		(63,5,2,'2022/7/9','Efectivo'),
		(64,2,2,'2022/7/10','maestro'),
		(65,2,2,'2022/7/11','maestro'),
		(66,3,3,'2022/7/15','mastercard'),
		(67,3,4,'2022/7/16','Efectivo Dolares'),
		(68,5,2,'2022/7/20','diners-club'),
		(69,3,4,'2022/7/25','maestro'),
		(70,5,2,'2022/7/25','diners-club'),
		(71,5,2,'2022/7/27','visa-electron'),
		(72,2,3,'2022/7/27','mastercard'),
		(73,4,6,'2022/8/1','diners-club'),
		(74,4,6,'2022/8/2','americanexpress'),
		(75,2,7,'2022/8/4','americanexpress'),
		(76,2,6,'2022/8/7','Efectivo'),
		(77,4,2,'2022/8/9','MODO'),
		(78,4,3,'2022/8/9','maestro'),
		(79,3,6,'2022/8/9','diners-club'),
		(80,5,2,'2022/8/14','mastercard'),
		(81,2,3,'2022/8/17','americanexpress'),
		(82,3,7,'2022/8/17','MODO'),
		(83,3,4,'2022/8/17','visa-electron'),
		(84,4,1,'2022/8/21','diners-club'),
		(85,4,2,'2022/8/21','Efectivo'),
		(86,1,6,'2022/8/22','americanexpress'),
		(87,4,6,'2022/8/24','MODO'),
		(88,4,3,'2022/8/24','MODO'),
		(89,3,3,'2022/8/26','visa'),
		(90,3,6,'2022/8/28','americanexpress'),
		(91,4,4,'2022/8/30','maestro'),
		(92,4,2,'2022/9/3','americanexpress'),
		(93,3,6,'2022/9/4','Efectivo Dolares'),
		(94,3,4,'2022/9/5','americanexpress'),
		(95,3,3,'2022/9/9','MODO'),
		(96,1,6,'2022/9/10','MODO'),
		(97,4,2,'2022/9/12','Efectivo'),
		(98,4,5,'2022/9/17','maestro'),
		(99,3,7,'2022/9/19','Efectivo'),
		(100,5,4,'2022/9/22','diners-club'),
		(101,1,5,'2022/9/24','Mercado Pago'),
		(102,4,2,'2022/9/27','Mercado Pago'),
		(103,3,5,'2022/10/2','mastercard'),
		(104,5,1,'2022/10/2','mastercard'),
		(105,5,2,'2022/10/3','visa-electron'),
		(106,4,3,'2022/10/4','visa'),
		(107,2,6,'2022/10/7','Efectivo Dolares'),
		(108,4,1,'2022/10/10','Efectivo'),
		(109,3,7,'2022/10/18','Efectivo Dolares'),
		(110,1,7,'2022/10/19','maestro'),
		(111,2,2,'2022/10/21','Efectivo'),
		(112,5,2,'2022/10/25','Efectivo Dolares'),
		(113,1,2,'2022/10/27','Efectivo'),
		(114,5,7,'2022/10/30','Mercado Pago'),
		(115,3,2,'2022/10/31','MODO'),
		(116,2,5,'2022/11/3','Efectivo Dolares'),
		(117,2,6,'2022/11/4','MODO'),
		(118,4,4,'2022/11/6','MODO'),
		(119,1,5,'2022/11/8','maestro'),
		(120,2,1,'2022/11/12','diners-club'),
		(121,1,1,'2022/11/12','visa'),
		(122,5,7,'2022/11/16','americanexpress'),
		(123,5,7,'2022/11/17','Mercado Pago'),
		(124,2,1,'2022/11/21','Efectivo'),
		(125,1,5,'2022/11/24','visa-electron'),
		(126,3,2,'2022/11/27','visa-electron'),
		(127,2,1,'2022/12/2','Efectivo Dolares'),
		(128,3,1,'2022/12/2','MODO'),
		(129,1,2,'2022/12/4','Efectivo'),
		(130,5,6,'2022/12/4','visa'),
		(131,3,5,'2022/12/5','diners-club'),
		(132,1,2,'2022/12/9','maestro'),
		(133,5,2,'2022/12/11','visa-electron'),
		(134,5,3,'2022/12/16','visa'),
		(135,5,3,'2022/12/17','visa-electron'),
		(136,1,4,'2022/12/21','Efectivo'),
		(137,4,2,'2022/12/24','MODO'),
		(138,3,6,'2022/12/29','mastercard'),
		(139,2,1,'2022/12/30','Efectivo Dolares'),
		(140,5,2,'2022/12/31','visa-electron'),
		(141,5,3,'2023/1/1','visa'),
		(142,2,4,'2023/1/3','americanexpress'),
		(143,4,1,'2023/1/4','MODO'),
		(144,1,5,'2023/1/9','Mercado Pago'),
		(145,5,5,'2023/1/9','MODO'),
		(146,4,3,'2023/1/9','diners-club'),
		(147,1,3,'2023/1/10','americanexpress'),
		(148,3,5,'2023/1/11','MODO'),
		(149,4,7,'2023/1/12','americanexpress'),
		(150,2,2,'2023/1/12','visa'),
		(151,1,1,'2023/1/12','mastercard'),
		(152,3,6,'2023/1/13','americanexpress'),
		(153,2,4,'2023/1/14','MODO'),
		(154,3,2,'2023/1/17','maestro'),
		(155,5,3,'2023/1/17','Efectivo Dolares'),
		(156,5,6,'2023/1/20','maestro'),
		(157,3,4,'2023/1/23','Efectivo'),
		(158,2,1,'2023/1/27','Efectivo Dolares'),
		(159,4,1,'2023/1/27','maestro'),
		(160,3,3,'2023/2/2','visa'),
		(161,1,7,'2023/2/3','Efectivo'),
		(162,3,5,'2023/2/3','visa-electron'),
		(163,2,1,'2023/2/4','visa-electron'),
		(164,4,2,'2023/2/5','Efectivo Dolares'),
		(165,2,2,'2023/2/8','Mercado Pago'),
		(166,5,2,'2023/2/13','diners-club'),
		(167,3,4,'2023/2/18','visa-electron'),
		(168,1,5,'2023/2/25','diners-club'),
		(169,2,7,'2023/2/25','Mercado Pago'),
		(170,4,1,'2023/2/25','Mercado Pago'),
		(171,3,4,'2023/2/27','diners-club'),
		(172,3,1,'2023/2/28','visa-electron'),
		(173,2,6,'2023/3/1','mastercard'),
		(174,5,1,'2023/3/6','diners-club'),
		(175,4,1,'2023/3/8','visa'),
		(176,3,2,'2023/3/9','americanexpress'),
		(177,5,3,'2023/3/12','diners-club'),
		(178,3,5,'2023/3/13','visa-electron'),
		(179,4,5,'2023/3/13','mastercard'),
		(180,3,5,'2023/3/15','americanexpress'),
		(181,4,2,'2023/3/16','diners-club'),
		(182,5,1,'2023/3/17','Efectivo'),
		(183,4,5,'2023/3/18','americanexpress'),
		(184,1,5,'2023/3/20','visa'),
		(185,4,1,'2023/3/24','visa'),
		(186,3,7,'2023/3/26','visa'),
		(187,1,4,'2023/3/26','visa-electron'),
		(188,4,4,'2023/3/26','visa'),
		(189,2,1,'2023/3/26','visa'),
		(190,3,3,'2023/3/26','americanexpress'),
		(191,5,4,'2023/3/27','MODO'),
		(192,1,2,'2023/3/30','Mercado Pago'),
		(193,1,4,'2023/3/31','Efectivo Dolares'),
		(194,3,7,'2023/4/6','visa'),
		(195,3,3,'2023/4/9','Efectivo'),
		(196,5,1,'2023/4/11','visa'),
		(197,5,3,'2023/4/13','americanexpress'),
		(198,1,7,'2023/4/20','mastercard'),
		(199,3,7,'2023/4/25','MODO'),
		(200,1,3,'2023/4/27','americanexpress'),
		(201,4,4,'2023/5/3','visa-electron'),
		(202,3,1,'2023/5/3','diners-club'),
		(203,2,2,'2023/5/5','mastercard'),
		(204,2,1,'2023/5/9','maestro'),
		(205,1,5,'2023/5/9','Mercado Pago'),
		(206,3,2,'2023/5/11','visa-electron'),
		(207,5,4,'2023/5/15','diners-club'),
		(208,4,5,'2023/5/17','Mercado Pago'),
		(209,5,7,'2023/5/25','maestro'),
		(210,5,7,'2023/5/26','Mercado Pago'),
		(211,5,7,'2023/5/29','Efectivo Dolares'),
		(212,4,2,'2023/5/30','diners-club'),
		(213,3,7,'2023/5/31','visa-electron'),
		(214,3,2,'2023/6/8','maestro'),
		(215,3,1,'2023/6/9','diners-club'),
		(216,3,5,'2023/6/11','mastercard'),
		(217,4,3,'2023/6/13','visa-electron'),
		(218,1,4,'2023/6/13','visa'),
		(219,2,4,'2023/6/14','Efectivo Dolares'),
		(220,2,6,'2023/6/15','visa-electron'),
		(221,1,2,'2023/6/23','americanexpress'),
		(222,3,6,'2023/6/30','mastercard'),
		(223,2,4,'2023/7/1','Efectivo Dolares'),
		(224,1,3,'2023/7/7','mastercard'),
		(225,4,3,'2023/7/7','MODO'),
		(226,5,1,'2023/7/8','visa'),
		(227,3,7,'2023/7/10','Mercado Pago'),
		(228,1,2,'2023/7/19','visa'),
		(229,4,7,'2023/7/22','Efectivo'),
		(230,2,4,'2023/7/23','visa-electron'),
		(231,1,2,'2023/7/27','Efectivo Dolares'),
		(232,3,2,'2023/7/28','diners-club'),
		(233,3,1,'2023/7/29','visa'),
		(234,3,7,'2023/7/30','Efectivo'),
		(235,2,5,'2023/7/30','maestro'),
		(236,5,1,'2023/8/4','MODO'),
		(237,1,4,'2023/8/5','Efectivo'),
		(238,1,7,'2023/8/6','mastercard'),
		(239,2,6,'2023/8/9','visa-electron'),
		(240,3,5,'2023/8/12','Efectivo'),
		(241,3,4,'2023/8/17','mastercard'),
		(242,2,3,'2023/8/19','americanexpress'),
		(243,4,5,'2023/8/20','Mercado Pago'),
		(244,2,3,'2023/8/22','visa-electron'),
		(245,5,4,'2023/8/25','visa'),
		(246,4,2,'2023/8/28','diners-club'),
		(247,5,6,'2023/8/30','diners-club'),
		(248,1,2,'2023/9/15','MODO'),
		(249,4,5,'2023/9/15','Efectivo'),
		(250,2,5,'2023/9/15','visa-electron'),
		(251,3,7,'2023/9/23','visa-electron'),
		(252,4,2,'2023/9/23','visa'),
		(253,1,4,'2023/9/25','Efectivo Dolares'),
		(254,2,3,'2023/10/1','Efectivo Dolares'),
		(255,3,3,'2023/10/4','visa'),
		(256,5,2,'2023/10/11','visa-electron'),
		(257,5,6,'2023/10/11','americanexpress'),
		(258,3,6,'2023/10/12','MODO'),
		(259,2,2,'2023/10/12','visa'),
		(260,2,2,'2023/10/15','americanexpress'),
		(261,1,1,'2023/10/19','maestro'),
		(262,4,6,'2023/10/19','mastercard'),
		(263,4,5,'2023/11/1','Efectivo Dolares'),
		(264,1,5,'2023/11/2','Efectivo'),
		(265,2,4,'2023/11/5','diners-club'),
		(266,4,1,'2023/11/8','americanexpress'),
		(267,2,5,'2023/11/20','MODO'),
		(268,1,6,'2023/11/22','Efectivo'),
		(269,2,7,'2023/11/22','Efectivo Dolares'),
		(270,4,6,'2023/11/27','Mercado Pago'),
		(271,3,7,'2023/11/28','MODO'),
		(272,2,1,'2023/11/29','diners-club'),
		(273,2,6,'2023/11/29','diners-club'),
		(274,4,3,'2023/12/2','visa'),
		(275,5,5,'2023/12/4','Efectivo Dolares'),
		(276,5,2,'2023/12/6','americanexpress'),
		(277,2,4,'2023/12/9','diners-club'),
		(278,2,3,'2023/12/12','visa-electron'),
		(279,3,1,'2023/12/18','diners-club'),
		(280,2,5,'2023/12/19','Efectivo'),
		(281,3,6,'2023/12/27','Efectivo Dolares'),
		(282,3,5,'2024/1/3','Efectivo Dolares'),
		(283,4,7,'2024/1/5','americanexpress'),
		(284,5,2,'2024/1/6','MODO'),
		(285,3,7,'2024/1/10','Efectivo'),
		(286,2,5,'2024/1/12','mastercard'),
		(287,4,2,'2024/1/12','Efectivo'),
		(288,3,3,'2024/1/17','visa-electron'),
		(289,1,5,'2024/1/17','mastercard'),
		(290,1,7,'2024/1/18','Efectivo Dolares'),
		(291,1,6,'2024/1/19','Efectivo Dolares'),
		(292,4,4,'2024/1/21','visa-electron'),
		(293,5,2,'2024/1/23','MODO'),
		(294,1,7,'2024/1/29','Efectivo'),
		(295,2,5,'2024/2/1','Mercado Pago'),
		(296,2,4,'2024/2/6','visa'),
		(297,4,6,'2024/2/6','mastercard'),
		(298,4,6,'2024/2/13','maestro'),
		(299,4,6,'2024/2/13','MODO'),
		(300,3,7,'2024/2/15','mastercard'),
		(301,3,5,'2024/2/18','visa-electron'),
		(302,5,5,'2024/2/18','Efectivo'),
		(303,2,6,'2024/2/18','Mercado Pago'),
		(304,1,2,'2024/2/20','maestro'),
		(305,2,7,'2024/2/22','Mercado Pago'),
		(306,3,2,'2024/2/22','visa'),
		(307,4,2,'2024/2/23','visa-electron'),
		(308,2,6,'2024/2/23','Efectivo'),
		(309,3,6,'2024/2/24','Mercado Pago'),
		(310,2,5,'2024/2/24','diners-club'),
		(311,1,6,'2024/2/29','americanexpress'),
		(312,5,2,'2024/3/1','MODO'),
		(313,2,3,'2024/3/2','maestro'),
		(314,1,3,'2024/3/4','Efectivo'),
		(315,3,6,'2024/3/6','visa'),
		(316,2,1,'2024/3/11','visa-electron'),
		(317,2,7,'2024/3/20','diners-club'),
		(318,5,4,'2024/3/22','mastercard'),
		(319,2,6,'2024/3/27','visa-electron'),
		(320,3,7,'2024/3/28','americanexpress'),
		(321,5,4,'2024/3/29','Mercado Pago'),
		(322,4,2,'2024/3/30','MODO'),
		(323,4,1,'2024/4/5','maestro'),
		(324,5,3,'2024/4/9','maestro'),
		(325,1,4,'2024/4/10','visa-electron'),
		(326,1,1,'2024/4/17','americanexpress'),
		(327,5,7,'2024/4/19','MODO'),
		(328,5,7,'2024/4/21','maestro'),
		(329,2,1,'2024/4/22','visa'),
		(330,2,5,'2024/4/22','Efectivo'),
		(331,5,3,'2024/4/24','MODO'),
		(332,2,4,'2024/4/24','mastercard'),
		(333,4,6,'2024/4/26','Mercado Pago'),
		(334,5,4,'2024/4/27','Efectivo Dolares'),
		(335,3,1,'2024/5/5','mastercard'),
		(336,2,7,'2024/5/6','americanexpress'),
		(337,3,2,'2024/5/9','Efectivo Dolares'),
		(338,4,2,'2024/5/11','Efectivo Dolares'),
		(339,2,7,'2024/5/16','maestro');

        
INSERT INTO
		rac_ar.flota_de_autos (id_auto,marca,modelo,tipo_de_auto,calificacion,disponibilidad,id_sucursal)
        VALUES
        (1,'Ford','Mustang','Lujo',10,1,2),
		(2,'Chevrolet','Camaro','lujo',10,1,5),
		(3,'Honda','CR-V','SUV',10,0,2),
		(4,'RAM','Rampage','PickUp',10,1,2),
		(5,'Volkswagen','Amarok','PickUp',10,0,1),
		(6,'Toyota','Corolla','Mediano',9,0,5),
		(7,'Toyota','Corolla','Mediano',9,1,2),
		(8,'Toyota','Corolla','Mediano',9,1,3),
		(9,'Peugeot','208','Compacto',9,0,1),
		(10,'Renault','Duster','SUV',9,0,5),
		(11,'Chevrolet','Tracker','SUV',9,0,1),
		(12,'Toyota','Hilux','PickUp',9,0,1),
		(13,'Toyota','Corolla','Mediano',9,1,4),
		(14,'Peugeot','208','Compacto',9,1,3),
		(15,'Renault','Duster','SUV',9,1,1),
		(16,'Chevrolet','Tracker','SUV',9,1,3),
		(17,'Toyota','Hilux','PickUp',9,1,2),
		(18,'Jeep','Renegade','SUV',9,1,2),
		(19,'Renault','Alaskan','PickUp',9,0,5),
		(20,'Renault','Oroch','PickUp',9,1,2),
		(21,'Toyota','Corolla','Mediano',9,0,1),
		(22,'Peugeot','208','Compacto',9,1,5),
		(23,'Renault','Duster','SUV',9,1,3),
		(24,'Chevrolet','Tracker','SUV',9,0,5),
		(25,'Toyota','Hilux','PickUp',9,1,5),
		(26,'Jeep','Renegade','SUV',9,0,5),
		(27,'Renault','Alaskan','PickUp',9,1,2),
		(28,'Renault','Oroch','PickUp',9,1,5),
		(29,'Fiat','Cronos','Mediano',8,1,1),
		(30,'Renault','Logan','Mediano',8,0,5),
		(31,'Fiat','Cronos','Mediano',8,0,2),
		(32,'Renault','Logan','Mediano',8,1,5),
		(33,'Fiat','Cronos','Mediano',8,0,2),
		(34,'Renault','Logan','Mediano',8,1,3),
		(35,'Ford','Focus','Compacto',8,1,1),
		(36,'Ford','Ecosport','SUV',8,0,2),
		(37,'Chevrolet','Spin','SUV',8,1,2),
		(38,'Chevrolet','S10','PickUp',8,1,1),
		(39,'Fiat','Cronos','Mediano',8,0,3),
		(40,'Renault','Logan','Mediano',8,1,2),
		(41,'Ford','Focus','Compacto',8,1,1),
		(42,'Ford','Ecosport','SUV',8,0,4),
		(43,'Chevrolet','Spin','SUV',8,0,1),
		(44,'Chevrolet','S10','PickUp',8,1,2),
		(45,'Chevrolet','Onix','Compacto',8,0,1),
		(46,'Fiat','Cronos','Mediano',8,1,4),
		(47,'Renault','Logan','Mediano',8,1,1),
		(48,'Ford','Focus','Compacto',8,1,5),
		(49,'Ford','Ecosport','SUV',8,1,1),
		(50,'Chevrolet','Spin','SUV',8,0,3),
		(51,'Chevrolet','S10','PickUp',8,0,3),
		(52,'Chevrolet','Onix','Compacto',8,1,2),
		(53,'Citroen','C3','Compacto',8,0,1),
		(54,'Volkswagen','Polo','Mediano',8,0,3),
		(55,'Fiat','Cronos','Mediano',8,1,3),
		(56,'Renault','Logan','Mediano',8,0,1),
		(57,'Ford','Focus','Compacto',8,0,5),
		(58,'Ford','Ecosport','SUV',8,1,3),
		(59,'Chevrolet','Spin','SUV',8,0,5),
		(60,'Chevrolet','S10','PickUp',8,1,4),
		(61,'Chevrolet','Onix','Compacto',8,0,3),
		(62,'Citroen','C3','Compacto',8,1,3),
		(63,'Volkswagen','Polo','Mediano',8,0,5),
		(64,'Fiat','Cronos','Mediano',8,1,5),
		(65,'Renault','Logan','Mediano',8,1,4),
		(66,'Ford','Focus','Compacto',8,0,3),
		(67,'Ford','Ecosport','SUV',8,0,5),
		(68,'Chevrolet','Spin','SUV',8,0,4),
		(69,'Chevrolet','S10','PickUp',8,1,5),
		(70,'Chevrolet','Onix','Compacto',8,1,5),
		(71,'Citroen','C3','Compacto',8,0,5),
		(72,'Volkswagen','Polo','Mediano',8,0,4),
		(73,'Renault','Sandero','Compacto',7,1,1),
		(74,'Renault','Sandero','Compacto',7,0,2),
		(75,'Renault','Sandero','Compacto',7,0,3),
		(76,'Fiat','Toro','PickUp',7,1,2),
		(77,'Renault','Sandero','Compacto',7,0,1),
		(78,'Fiat','Toro','PickUp',7,1,1),
		(79,'Renault','Sandero','Compacto',7,1,4),
		(80,'Fiat','Toro','PickUp',7,1,5),
		(81,'Toyota','Yaris','Compacto',7,1,3),
		(82,'Chevrolet','Prisma','Mediano',7,0,1),
		(83,'Renault','Sandero','Compacto',7,0,5),
		(84,'Fiat','Toro','PickUp',7,1,5),
		(85,'Toyota','Yaris','Compacto',7,1,4),
		(86,'Chevrolet','Prisma','Mediano',7,0,3),
		(87,'Renault','Sandero','Compacto',7,1,5),
		(88,'Fiat','Toro','PickUp',7,1,3),
		(89,'Toyota','Yaris','Compacto',7,0,2),
		(90,'Chevrolet','Prisma','Mediano',7,0,5)
		;
    
        
INSERT INTO
		rac_ar.alquileres (id_alquiler,fecha_inicio,cantidad_dias,id_cliente,Id_pago,id_auto)
        VALUES
		(1,'2022/1/8',12,6,1,11),
		(2,'2022/1/23',10,33,5,10),
		(3,'2022/1/26',10,165,2,33),
		(4,'2022/1/28',9,29,4,62),
		(5,'2022/1/31',16,202,6,34),
		(6,'2022/1/31',12,249,7,15),
		(7,'2022/2/14',30,145,10,51),
		(8,'2022/2/20',7,35,9,32),
		(9,'2022/2/22',5,80,11,90),
		(10,'2022/3/1',12,77,12,13),
		(11,'2022/3/4',8,46,8,17),
		(12,'2022/3/8',4,138,3,7),
		(13,'2022/3/8',26,93,15,16),
		(14,'2022/3/8',28,198,16,55),
		(15,'2022/3/10',7,208,13,23),
		(16,'2022/3/13',11,176,14,88),
		(17,'2022/3/13',21,156,19,39),
		(18,'2022/3/16',21,101,17,79),
		(19,'2022/3/17',28,216,20,31),
		(20,'2022/3/20',13,100,18,41),
		(21,'2022/3/23',27,166,23,79),
		(22,'2022/3/24',18,160,21,41),
		(23,'2022/4/3',22,120,25,35),
		(24,'2022/4/5',26,33,22,60),
		(25,'2022/4/5',21,199,26,44),
		(26,'2022/4/12',4,99,24,70),
		(27,'2022/4/13',5,199,28,65),
		(28,'2022/4/15',4,42,27,7),
		(29,'2022/4/24',20,88,30,76),
		(30,'2022/4/30',15,164,29,6),
		(31,'2022/5/2',17,13,32,31),
		(32,'2022/5/2',8,240,33,82),
		(33,'2022/5/3',24,27,34,28),
		(34,'2022/5/5',11,36,31,17),
		(35,'2022/5/6',10,206,36,27),
		(36,'2022/5/11',19,32,35,4),
		(37,'2022/5/14',10,249,37,89),
		(38,'2022/5/16',25,174,38,21),
		(39,'2022/5/22',6,102,39,75),
		(40,'2022/5/24',25,15,42,31),
		(41,'2022/5/27',13,201,40,15),
		(42,'2022/5/28',6,139,43,49),
		(43,'2022/6/5',29,158,41,30),
		(44,'2022/6/6',9,120,44,76),
		(45,'2022/6/13',19,33,48,78),
		(46,'2022/6/17',26,151,47,8),
		(47,'2022/6/19',11,216,45,41),
		(48,'2022/6/24',9,204,46,88),
		(49,'2022/6/24',18,149,49,68),
		(50,'2022/6/27',28,113,50,34),
		(51,'2022/6/29',27,146,51,19),
		(52,'2022/6/29',13,4,52,27),
		(53,'2022/7/3',18,158,54,72),
		(54,'2022/7/5',5,30,53,42),
		(55,'2022/7/8',30,17,55,65),
		(56,'2022/7/21',19,70,56,21),
		(57,'2022/7/21',4,45,59,64),
		(58,'2022/7/21',7,93,61,76),
		(59,'2022/7/27',6,143,57,76),
		(60,'2022/7/30',29,138,60,11),
		(61,'2022/7/31',24,153,58,68),
		(62,'2022/8/4',4,143,64,50),
		(63,'2022/8/6',30,105,63,44),
		(64,'2022/8/10',10,250,62,53),
		(65,'2022/8/14',11,1,65,50),
		(66,'2022/8/18',26,181,66,7),
		(67,'2022/8/25',29,82,68,2),
		(68,'2022/9/1',9,152,69,38),
		(69,'2022/9/1',22,49,73,17),
		(70,'2022/9/5',11,215,67,12),
		(71,'2022/9/7',9,222,70,86),
		(72,'2022/9/8',19,199,72,28),
		(73,'2022/9/12',27,112,74,7),
		(74,'2022/9/16',11,201,71,52),
		(75,'2022/9/23',6,171,76,72),
		(76,'2022/9/23',7,227,78,87),
		(77,'2022/9/25',26,187,77,6),
		(78,'2022/9/27',29,53,79,50),
		(79,'2022/9/27',22,225,80,78),
		(80,'2022/9/30',11,131,81,52),
		(81,'2022/10/1',17,76,75,49),
		(82,'2022/10/9',23,214,85,85),
		(83,'2022/10/10',15,120,86,49),
		(84,'2022/10/14',24,55,83,66),
		(85,'2022/10/15',14,42,82,8),
		(86,'2022/10/15',29,159,84,6),
		(87,'2022/10/24',23,147,87,80),
		(88,'2022/10/26',26,160,89,16),
		(89,'2022/10/30',21,219,92,37),
		(90,'2022/11/2',18,190,88,38),
		(91,'2022/11/6',11,93,91,32),
		(92,'2022/11/7',28,188,93,54),
		(93,'2022/11/9',21,91,90,33),
		(94,'2022/11/14',19,225,95,73),
		(95,'2022/11/18',12,113,96,11),
		(96,'2022/11/25',6,142,94,29),
		(97,'2022/11/26',20,6,102,17),
		(98,'2022/11/27',29,163,97,21),
		(99,'2022/11/27',17,197,98,20),
		(100,'2022/11/28',22,171,100,27),
		(101,'2022/11/29',6,172,99,69),
		(102,'2022/11/29',8,115,101,56),
		(103,'2022/12/7',6,1,103,37),
		(104,'2022/12/8',25,243,104,50),
		(105,'2022/12/10',15,31,106,90),
		(106,'2022/12/13',19,135,105,30),
		(107,'2022/12/18',24,141,107,16),
		(108,'2022/12/27',25,65,108,6),
		(109,'2022/12/27',29,230,111,73),
		(110,'2022/12/31',27,208,110,3),
		(111,'2023/1/1',14,187,114,84),
		(112,'2023/1/8',16,223,109,43),
		(113,'2023/1/9',8,166,113,27),
		(114,'2023/1/9',23,40,115,28),
		(115,'2023/1/13',6,108,112,40),
		(116,'2023/1/23',25,217,117,18),
		(117,'2023/1/27',26,42,116,46),
		(118,'2023/1/27',12,232,121,66),
		(119,'2023/1/29',17,6,118,26),
		(120,'2023/1/30',9,52,123,71),
		(121,'2023/1/31',5,236,122,50),
		(122,'2023/2/3',25,129,119,41),
		(123,'2023/2/3',5,242,124,58),
		(124,'2023/2/7',4,115,120,29),
		(125,'2023/2/14',26,83,126,10),
		(126,'2023/2/19',12,157,125,74),
		(127,'2023/2/27',5,160,131,49),
		(128,'2023/2/27',27,13,132,70),
		(129,'2023/2/28',23,40,129,40),
		(130,'2023/3/1',27,168,127,83),
		(131,'2023/3/3',19,178,128,32),
		(132,'2023/3/4',11,10,130,2),
		(133,'2023/3/4',8,51,135,32),
		(134,'2023/3/9',20,76,133,31),
		(135,'2023/3/9',5,205,134,33),
		(136,'2023/3/11',25,46,136,37),
		(137,'2023/3/16',19,72,137,73),
		(138,'2023/3/23',27,102,139,22),
		(139,'2023/3/23',9,44,140,55),
		(140,'2023/3/24',22,40,143,48),
		(141,'2023/3/25',26,103,144,83),
		(142,'2023/3/26',15,54,155,79),
		(143,'2023/3/28',16,142,138,26),
		(144,'2023/3/29',8,146,147,69),
		(145,'2023/3/31',9,64,141,16),
		(146,'2023/4/2',18,150,154,51),
		(147,'2023/4/3',20,72,149,27),
		(148,'2023/4/4',22,3,142,28),
		(149,'2023/4/5',25,99,148,62),
		(150,'2023/4/7',17,160,145,38),
		(151,'2023/4/10',15,208,146,37),
		(152,'2023/4/10',16,107,156,72),
		(153,'2023/4/11',24,202,153,37),
		(154,'2023/4/13',26,227,150,55),
		(155,'2023/4/14',7,26,151,16),
		(156,'2023/4/15',18,221,157,62),
		(157,'2023/4/22',16,115,158,37),
		(158,'2023/4/27',14,140,152,20),
		(159,'2023/4/27',7,187,161,38),
		(160,'2023/4/29',22,157,159,4),
		(161,'2023/5/2',5,197,164,60),
		(162,'2023/5/3',29,3,160,44),
		(163,'2023/5/3',22,182,162,15),
		(164,'2023/5/9',17,175,167,50),
		(165,'2023/5/10',7,61,166,6),
		(166,'2023/5/11',14,57,165,74),
		(167,'2023/5/13',24,143,163,3),
		(168,'2023/5/14',18,250,168,24),
		(169,'2023/5/14',27,129,169,11),
		(170,'2023/5/15',10,224,170,83),
		(171,'2023/5/25',28,224,173,87),
		(172,'2023/5/29',30,29,172,12),
		(173,'2023/5/31',17,87,171,13),
		(174,'2023/6/5',14,34,174,62),
		(175,'2023/6/5',8,205,175,44),
		(176,'2023/6/5',29,234,176,12),
		(177,'2023/6/11',16,227,179,36),
		(178,'2023/6/15',20,146,178,90),
		(179,'2023/6/15',4,222,180,74),
		(180,'2023/6/18',8,41,181,45),
		(181,'2023/6/19',5,149,177,1),
		(182,'2023/6/19',27,235,182,71),
		(183,'2023/6/26',19,151,184,45),
		(184,'2023/7/4',20,143,190,73),
		(185,'2023/7/10',11,19,183,18),
		(186,'2023/7/10',21,177,186,60),
		(187,'2023/7/11',27,158,187,28),
		(188,'2023/7/11',10,217,188,42),
		(189,'2023/7/12',9,60,185,30),
		(190,'2023/7/12',5,168,189,40),
		(191,'2023/7/17',30,34,192,88),
		(192,'2023/7/18',27,200,194,72),
		(193,'2023/7/19',30,56,193,5),
		(194,'2023/7/22',25,44,195,28),
		(195,'2023/7/23',5,73,191,5),
		(196,'2023/7/31',15,107,198,6),
		(197,'2023/8/2',5,247,196,65),
		(198,'2023/8/3',22,91,199,33),
		(199,'2023/8/4',15,20,201,2),
		(200,'2023/8/5',10,28,197,52),
		(201,'2023/8/9',24,18,202,83),
		(202,'2023/8/14',9,108,203,12),
		(203,'2023/8/16',27,137,200,27),
		(204,'2023/8/17',21,26,204,6),
		(205,'2023/8/22',11,31,205,47),
		(206,'2023/8/23',29,97,208,61),
		(207,'2023/8/23',20,195,209,31),
		(208,'2023/8/29',20,174,206,25),
		(209,'2023/8/29',10,86,210,70),
		(210,'2023/8/30',28,131,211,37),
		(211,'2023/9/3',10,69,207,72),
		(212,'2023/9/7',30,68,215,72),
		(213,'2023/9/9',30,62,213,23),
		(214,'2023/9/9',4,130,217,5),
		(215,'2023/9/9',22,250,219,37),
		(216,'2023/9/11',18,71,216,88),
		(217,'2023/9/13',5,144,212,10),
		(218,'2023/9/16',27,176,214,37),
		(219,'2023/9/16',18,13,220,63),
		(220,'2023/9/18',14,10,218,81),
		(221,'2023/9/22',23,95,221,4),
		(222,'2023/9/24',12,206,224,72),
		(223,'2023/9/29',12,220,222,11),
		(224,'2023/9/29',15,3,223,55),
		(225,'2023/10/10',22,73,228,32),
		(226,'2023/10/13',28,219,227,13),
		(227,'2023/10/14',13,227,225,89),
		(228,'2023/10/14',28,46,232,63),
		(229,'2023/10/16',4,72,226,80),
		(230,'2023/10/24',8,43,229,12),
		(231,'2023/10/24',30,153,230,29),
		(232,'2023/10/26',8,172,234,61),
		(233,'2023/10/27',17,45,231,62),
		(234,'2023/10/31',15,243,235,14),
		(235,'2023/11/1',7,89,233,3),
		(236,'2023/11/4',12,8,236,7),
		(237,'2023/11/8',17,243,241,61),
		(238,'2023/11/13',14,24,238,50),
		(239,'2023/11/14',13,159,237,10),
		(240,'2023/11/14',19,82,240,62),
		(241,'2023/11/20',25,127,239,46),
		(242,'2023/11/20',24,212,242,45),
		(243,'2023/11/23',21,57,244,60),
		(244,'2023/11/24',29,204,243,2),
		(245,'2023/11/30',22,239,249,61),
		(246,'2023/11/30',7,159,251,55),
		(247,'2023/12/1',20,165,250,32),
		(248,'2023/12/4',8,70,248,37),
		(249,'2023/12/5',4,13,247,23),
		(250,'2023/12/6',7,24,245,54),
		(251,'2023/12/8',8,218,246,10),
		(252,'2023/12/8',25,47,253,55),
		(253,'2023/12/10',25,244,252,24),
		(254,'2023/12/17',20,224,254,74),
		(255,'2023/12/24',10,157,256,34),
		(256,'2023/12/31',16,176,255,78),
		(257,'2023/12/31',14,107,259,3),
		(258,'2024/1/1',11,79,257,87),
		(259,'2024/1/4',21,118,258,68),
		(260,'2024/1/4',29,185,260,19),
		(261,'2024/1/5',19,213,262,40),
		(262,'2024/1/10',30,145,263,70),
		(263,'2024/1/11',10,150,261,31),
		(264,'2024/1/11',29,187,264,29),
		(265,'2024/2/2',14,55,265,41),
		(266,'2024/2/3',18,88,268,81),
		(267,'2024/2/6',10,156,269,57),
		(268,'2024/2/11',30,94,266,76),
		(269,'2024/2/12',8,167,267,73),
		(270,'2024/2/12',9,103,271,54),
		(271,'2024/2/14',7,36,270,33),
		(272,'2024/2/17',13,237,272,44),
		(273,'2024/2/19',12,135,273,18),
		(274,'2024/3/2',22,107,278,50),
		(275,'2024/3/6',20,4,274,66),
		(276,'2024/3/7',27,208,275,41),
		(277,'2024/3/9',25,137,277,14),
		(278,'2024/3/11',23,56,276,42),
		(279,'2024/3/14',26,54,279,26),
		(280,'2024/3/17',14,156,282,35),
		(281,'2024/3/18',28,123,280,66),
		(282,'2024/3/18',25,118,284,19),
		(283,'2024/3/19',28,8,283,21),
		(284,'2024/3/22',15,102,281,29),
		(285,'2024/3/22',30,143,285,14),
		(286,'2024/3/26',17,203,287,69),
		(287,'2024/3/27',22,179,304,15),
		(288,'2024/3/28',4,206,286,36),
		(289,'2024/3/28',6,110,288,90),
		(290,'2024/3/28',5,217,289,83),
		(291,'2024/3/31',25,127,303,46),
		(292,'2024/4/2',11,26,290,56),
		(293,'2024/4/2',14,158,307,8),
		(294,'2024/4/13',30,219,291,82),
		(295,'2024/4/15',11,170,292,56),
		(296,'2024/4/23',10,207,296,10),
		(297,'2024/4/25',5,171,293,1),
		(298,'2024/4/28',26,52,301,67),
		(299,'2024/4/29',4,122,297,22),
		(300,'2024/4/30',17,85,298,55),
		(301,'2024/4/30',29,200,299,65),
		(302,'2024/5/1',21,122,314,16),
		(303,'2024/5/2',9,58,295,9),
		(304,'2024/5/4',13,100,294,29),
		(305,'2024/5/4',14,229,302,40),
		(306,'2024/5/4',9,130,311,83),
		(307,'2024/5/10',8,87,308,53),
		(308,'2024/5/14',25,145,300,75),
		(309,'2024/5/17',20,194,312,77),
		(310,'2024/5/18',12,105,305,15),
		(311,'2024/5/19',17,82,306,4),
		(312,'2024/5/20',22,33,322,21),
		(313,'2024/5/24',19,154,315,35),
		(314,'2024/5/24',30,71,324,67),
		(315,'2024/5/27',14,143,321,52),
		(316,'2024/5/29',21,35,320,86),
		(317,'2024/6/5',8,114,309,79),
		(318,'2024/6/9',12,248,317,79),
		(319,'2024/6/9',27,123,319,72),
		(320,'2024/6/12',10,166,316,39),
		(321,'2024/6/14',10,47,310,7),
		(322,'2024/6/16',9,186,328,69),
		(323,'2024/6/17',20,142,323,65),
		(324,'2024/6/18',22,196,313,29),
		(325,'2024/6/23',13,212,327,49),
		(326,'2024/6/28',19,195,318,75),
		(327,'2024/7/3',15,130,335,34),
		(328,'2024/7/7',22,154,338,62),
		(329,'2024/7/17',23,125,325,87),
		(330,'2024/7/17',15,166,329,69),
		(331,'2024/7/20',26,249,331,16),
		(332,'2024/7/28',22,116,337,70),
		(333,'2024/7/30',29,51,326,8),
		(334,'2024/8/1',11,164,330,88),
		(335,'2024/8/5',27,179,336,66),
		(336,'2024/8/9',7,176,332,29),
		(337,'2024/8/9',27,248,334,51),
		(338,'2024/8/13',13,75,333,30),
		(339,'2024/8/24',6,47,339,35);

INSERT INTO
		rac_ar.tecnico_revision (id_tecnico,nombre,especialidad,historial_revisiones,referencias_revisiones)
		VALUES
        (1,'Juan Pérez','Frenos y Suspensión','Revisión completa de frenos en 30 autos. Ajuste de suspensión en 15 vehículos.','Excelente trabajo en la reparación de frenos según feedback de clientes.'),
		(2,'Marcela Gómez','Mecánica general','Realizó 50 cambios de aceite y 40 servicios completos de motor.','Alta eficiencia en el mantenimiento rutinario'),
		(3,'Carlos Fernández','Electricidad del Automotor','Cambio de luces y revisión eléctrica en más de 60 autos.','Clientes satisfechos con la rápida solución de problemas eléctricos.'),
		(4,'Antonio Rodríguez','Climatización y A/C','Reparación de aire acondicionado en 45 autos y recarga de gas en 30 unidades.','Expertos destacan su habilidad para resolver problemas complejos de climatización.'),
		(5,'Diego López','Alineación y balanceo','Alineación y balanceo de neumáticos en más de 70 vehículos.','Excelente precisión y rapidez en alineaciones según informe del taller.'),
		(6,'Florencio Martínez','Mecánica general','Cambió más de 100 neumáticos y revisó frenos en 80 autos.','Clientes satisfechos con la durabilidad de los neumáticos instalados.'),
		(7,'Matías Suárez','Mecánica ligera y sistemas de escape','Reparación de sistemas de escape en 30 vehículos',' cambio de bujías en 40 autos.');
		
INSERT INTO
		rac_ar.revision (id_revision,fecha_revision,descripcion_problema,resultado,id_auto,id_tecnico)
        VALUES
        (1,'2022/1/21','Verificación del estado de los cinturones de seguridad.','pedido cotizacion',18,4),
		(2,'2022/2/3','Revisión y carga del aire acondicionado.','se solicita repuesto',74,6),
		(3,'2022/2/6','Inspección del sistema de dirección asistida y nivel del líquido.','estado optimo',45,4),
		(4,'2022/2/7','Cambio del filtro de combustible.','pedido cotizacion',54,7),
		(5,'2022/2/13','Revisión del estado de las juntas de las puertas y ventanas.','pedido cotizacion',33,5),
		(6,'2022/2/17','Verificación del correcto funcionamiento de los espejos retrovisores.','estado optimo',5,4),
		(7,'2022/2/28','Comprobación del estado y nivel del líquido de frenos.','en contacto con aseguradora',44,2),
		(8,'2022/2/28','Comprobación del estado y nivel del líquido de frenos.','necesita cambio',22,4),
		(9,'2022/3/13','Revisión y reemplazo de pastillas de freno.','en contacto con aseguradora',54,7),
		(10,'2022/3/13','Inspección de los sistemas electrónicos de a bordo y la computadora.','en contacto con aseguradora',71,3),
		(11,'2022/3/14','Limpieza del sistema de inyección de combustible.','se solicita repuesto',32,3),
		(12,'2022/3/17','Limpieza del sistema de inyección de combustible.','se solicita repuesto',37,3),
		(13,'2022/3/18','Revisión del sistema de escape de gases y control de emisiones.','estado optimo',88,3),
		(14,'2022/3/25','Revisión del estado de las juntas de las puertas y ventanas.','se solicita repuesto',27,2),
		(15,'2022/4/3','Verificación y ajuste de los soportes del motor.','estado optimo',4,7),
		(16,'2022/4/4','Revisión y carga del aire acondicionado.','pedido cotizacion',1,1),
		(17,'2022/4/4','Inspección y reemplazo de las escobillas del limpiaparabrisas.','necesita cambio',22,1),
		(18,'2022/4/6','Inspección de los sensores de aparcamiento y cámaras de reversa.','en contacto con aseguradora',56,5),
		(19,'2022/4/7','Inspección y ajuste de la presión de los neumáticos.','se solicita repuesto',10,2),
		(20,'2022/4/12','Cambio del filtro de combustible.','en contacto con aseguradora',36,2),
		(21,'2022/4/15','Revisión de alineación y balanceo de los neumáticos.','estado optimo',71,2),
		(22,'2022/4/17','Revisión del sistema de escape de gases y control de emisiones.','estado optimo',47,3),
		(23,'2022/4/19','Inspección de los sistemas de control de tracción y estabilidad.','necesita cambio',31,3),
		(24,'2022/4/20','Comprobación del buen estado de las cerraduras y mecanismos de apertura.','necesita cambio',71,4),
		(25,'2022/4/20','Inspección del sistema de escape por fugas o daños.','en contacto con aseguradora',68,3),
		(26,'2022/4/26','Revisión y cambio de aceite del motor y filtro de aceite.','estado optimo',16,5),
		(27,'2022/4/27','Comprobación del estado y nivel del líquido de frenos.','necesita cambio',70,4),
		(28,'2022/5/2','Revisión de alineación y balanceo de los neumáticos.','necesita cambio',7,2),
		(29,'2022/5/11','Inspección y ajuste de la presión de los neumáticos.','en contacto con aseguradora',4,7),
		(30,'2022/5/15','Inspección y reemplazo de las escobillas del limpiaparabrisas.','pedido cotizacion',21,2),
		(31,'2022/5/16','Revisión y reemplazo de las luces delanteras y traseras.','en contacto con aseguradora',84,6),
		(32,'2022/5/17','Cambio del filtro de combustible.','estado optimo',63,7),
		(33,'2022/5/17','Inspección del sistema de frenos. discos y tambor.','pedido cotizacion',3,4),
		(34,'2022/5/20','Revisión del sistema de transmisión. cambio de líquido si es necesario.','pedido cotizacion',85,3),
		(35,'2022/5/25','Cambio del filtro de combustible.','en contacto con aseguradora',53,7),
		(36,'2022/5/28','Inspección del sistema de dirección asistida y nivel del líquido.','estado optimo',51,2),
		(37,'2022/5/29','Revisión del sistema de encendido y ajuste de bujías.','pedido cotizacion',7,4),
		(38,'2022/5/31','Revisión del sistema de transmisión. cambio de líquido si es necesario.','se solicita repuesto',3,2),
		(39,'2022/6/4','Inspección y reemplazo de las escobillas del limpiaparabrisas.','en contacto con aseguradora',88,5),
		(40,'2022/6/10','Revisión del sistema de escape de gases y control de emisiones.','en contacto con aseguradora',52,5),
		(41,'2022/6/11','Inspección del sistema de dirección asistida y nivel del líquido.','estado optimo',41,2),
		(42,'2022/6/16','Verificación y recarga del líquido refrigerante.','estado optimo',71,7),
		(43,'2022/6/19','Comprobación del estado y nivel del líquido de frenos.','necesita cambio',20,2),
		(44,'2022/7/1','Inspección y ajuste de la presión de los neumáticos.','pedido cotizacion',83,5),
		(45,'2022/7/3','Cambio del filtro de combustible.','pedido cotizacion',65,6),
		(46,'2022/7/4','Verificación y ajuste de la tensión de la correa del alternador.','necesita cambio',28,6),
		(47,'2022/7/5','Inspección de los sistemas electrónicos de a bordo y la computadora.','pedido cotizacion',56,7),
		(48,'2022/7/11','Inspección de los sistemas electrónicos de a bordo y la computadora.','se solicita repuesto',25,1),
		(49,'2022/7/13','Verificación y ajuste de los soportes del motor.','estado optimo',76,2),
		(50,'2022/7/13','Verificación y ajuste de la tensión de la correa del alternador.','en contacto con aseguradora',79,6),
		(51,'2022/7/14','Inspección del sistema de suspensión y amortiguadores.','necesita cambio',77,4),
		(52,'2022/7/22','Inspección y ajuste de la presión de los neumáticos.','se solicita repuesto',67,3),
		(53,'2022/7/26','Revisión y carga del aire acondicionado.','pedido cotizacion',20,2),
		(54,'2022/7/26','Revisión del sistema de encendido y ajuste de bujías.','en contacto con aseguradora',32,3),
		(55,'2022/7/27','Verificación y recarga del líquido refrigerante.','pedido cotizacion',7,5),
		(56,'2022/7/29','Cambio del filtro de combustible.','necesita cambio',67,5),
		(57,'2022/8/3','Inspección del sistema de suspensión y amortiguadores.','estado optimo',3,1),
		(58,'2022/8/8','Revisión del sistema de bolsas de aire (airbags).','se solicita repuesto',63,5),
		(59,'2022/8/9','Inspección y reemplazo de las escobillas del limpiaparabrisas.','necesita cambio',45,3),
		(60,'2022/8/10','Revisión y reemplazo de pastillas de freno.','pedido cotizacion',57,5),
		(61,'2022/8/21','Cambio de filtro de aire del motor.','en contacto con aseguradora',56,6),
		(62,'2022/8/25','Comprobación del buen estado de las cerraduras y mecanismos de apertura.','necesita cambio',16,6),
		(63,'2022/8/26','Revisión y carga del aire acondicionado.','necesita cambio',39,5),
		(64,'2022/8/29','Verificación y ajuste de los soportes del motor.','pedido cotizacion',87,7),
		(65,'2022/9/6','Verificación y ajuste de la tensión de la correa del alternador.','estado optimo',68,6),
		(66,'2022/9/11','Verificación del correcto funcionamiento de los espejos retrovisores.','estado optimo',59,4),
		(67,'2022/9/14','Revisión y cambio de aceite del motor y filtro de aceite.','en contacto con aseguradora',72,5),
		(68,'2022/9/17','Verificación del correcto funcionamiento de los espejos retrovisores.','pedido cotizacion',79,5),
		(69,'2022/9/17','Revisión del sistema de transmisión. cambio de líquido si es necesario.','en contacto con aseguradora',14,7),
		(70,'2022/9/24','Revisión del sistema de bolsas de aire (airbags).','se solicita repuesto',50,4),
		(71,'2022/9/24','Inspección y reemplazo de las escobillas del limpiaparabrisas.','pedido cotizacion',71,5),
		(72,'2022/9/28','Inspección y ajuste de la presión de los neumáticos.','pedido cotizacion',52,6),
		(73,'2022/9/28','Cambio de filtro de aire del motor.','se solicita repuesto',65,4),
		(74,'2022/9/30','Inspección del sistema de suspensión y amortiguadores.','necesita cambio',76,6),
		(75,'2022/10/1','Comprobación del estado y nivel del líquido de frenos.','necesita cambio',28,7),
		(76,'2022/10/10','Inspección de los sensores de aparcamiento y cámaras de reversa.','se solicita repuesto',12,3),
		(77,'2022/10/12','Inspección y ajuste de la presión de los neumáticos.','necesita cambio',21,2),
		(78,'2022/10/19','Comprobación del buen estado de las cerraduras y mecanismos de apertura.','estado optimo',49,5),
		(79,'2022/10/20','Inspección del sistema de frenos. discos y tambor.','pedido cotizacion',65,5),
		(80,'2022/10/22','Revisión del sistema de encendido y ajuste de bujías.','se solicita repuesto',69,2),
		(81,'2022/10/26','Inspección del sistema de dirección asistida y nivel del líquido.','necesita cambio',77,2),
		(82,'2022/10/27','Revisión del sistema de transmisión. cambio de líquido si es necesario.','necesita cambio',66,7),
		(83,'2022/10/30','Revisión y recarga de la batería.','en contacto con aseguradora',10,2),
		(84,'2022/11/2','Inspección del sistema de suspensión y amortiguadores.','estado optimo',55,7),
		(85,'2022/11/8','Revisión y cambio de aceite del motor y filtro de aceite.','necesita cambio',83,3),
		(86,'2022/11/14','Comprobación del buen estado de las cerraduras y mecanismos de apertura.','se solicita repuesto',61,4),
		(87,'2022/11/17','Revisión y carga del aire acondicionado.','pedido cotizacion',39,3),
		(88,'2022/11/18','Inspección y ajuste de la presión de los neumáticos.','pedido cotizacion',78,2),
		(89,'2022/11/21','Revisión del sistema de escape de gases y control de emisiones.','estado optimo',57,6),
		(90,'2022/11/21','Revisión del sistema de bolsas de aire (airbags).','se solicita repuesto',78,5),
		(91,'2022/11/22','Revisión del sistema de encendido y ajuste de bujías.','estado optimo',80,2),
		(92,'2022/12/1','Comprobación del estado y nivel del líquido de frenos.','necesita cambio',46,2),
		(93,'2022/12/1','Comprobación del estado y nivel del líquido de frenos.','necesita cambio',9,2),
		(94,'2022/12/2','Verificación y ajuste de la tensión de la correa del alternador.','estado optimo',17,2),
		(95,'2022/12/4','Revisión de alineación y balanceo de los neumáticos.','en contacto con aseguradora',82,3),
		(96,'2022/12/6','Inspección del sistema de escape por fugas o daños.','en contacto con aseguradora',14,6),
		(97,'2022/12/6','Verificación del correcto funcionamiento de los espejos retrovisores.','en contacto con aseguradora',48,3),
		(98,'2022/12/8','Revisión y reemplazo de pastillas de freno.','pedido cotizacion',85,4),
		(99,'2022/12/14','Inspección de los sistemas electrónicos de a bordo y la computadora.','en contacto con aseguradora',18,5),
		(100,'2022/12/15','Revisión y recarga de la batería.','en contacto con aseguradora',23,6),
		(101,'2022/12/17','Inspección y reemplazo de las escobillas del limpiaparabrisas.','estado optimo',35,1),
		(102,'2022/12/21','Verificación y recarga del líquido refrigerante.','se solicita repuesto',3,6),
		(103,'2022/12/26','Revisión del sistema de dirección y ajuste de alineación.','estado optimo',42,1),
		(104,'2022/12/27','Cambio de filtro de aire del motor.','pedido cotizacion',14,3),
		(105,'2022/1/2','Verificación del correcto funcionamiento de los espejos retrovisores.','se solicita repuesto',20,1),
		(106,'2022/1/3','Revisión del estado de las juntas de las puertas y ventanas.','necesita cambio',65,6),
		(107,'2022/1/12','Revisión y cambio de aceite del motor y filtro de aceite.','pedido cotizacion',20,1),
		(108,'2022/1/16','Cambio de filtro de aire del motor.','se solicita repuesto',83,7),
		(109,'2022/1/18','Revisión y carga del aire acondicionado.','necesita cambio',53,1),
		(110,'2022/1/20','Verificación del estado de los cinturones de seguridad.','en contacto con aseguradora',9,5),
		(111,'2022/1/22','Revisión del sistema de escape de gases y control de emisiones.','en contacto con aseguradora',54,1),
		(112,'2022/1/25','Comprobación del estado y nivel del líquido de frenos.','en contacto con aseguradora',23,7),
		(113,'2022/1/26','Inspección de los sensores de aparcamiento y cámaras de reversa.','necesita cambio',48,5),
		(114,'2022/1/28','Revisión del estado de las juntas de las puertas y ventanas.','en contacto con aseguradora',70,5),
		(115,'2022/2/2','Verificación y ajuste de la tensión de la correa del alternador.','en contacto con aseguradora',39,5),
		(116,'2023/2/6','Inspección de los sistemas electrónicos de a bordo y la computadora.','necesita cambio',16,5),
		(117,'2022/2/9','Inspección del sistema de dirección asistida y nivel del líquido.','estado optimo',11,3),
		(118,'2023/2/9','Cambio del filtro de combustible.','estado optimo',48,7),
		(119,'2023/2/9','Revisión del sistema de escape de gases y control de emisiones.','necesita cambio',71,4),
		(120,'2023/2/12','Inspección del sistema de escape por fugas o daños.','pedido cotizacion',46,3),
		(121,'2023/2/16','Limpieza del sistema de inyección de combustible.','se solicita repuesto',36,5),
		(122,'2022/2/18','Inspección de los sistemas de control de tracción y estabilidad.','estado optimo',71,4),
		(123,'2023/2/23','Inspección y reemplazo de las escobillas del limpiaparabrisas.','en contacto con aseguradora',62,2),
		(124,'2023/3/1','Inspección de fugas de aceite o líquidos en el motor.','estado optimo',30,2),
		(125,'2023/3/4','Revisión y reemplazo de las luces delanteras y traseras.','estado optimo',41,1),
		(126,'2023/3/5','Verificación del correcto funcionamiento de los espejos retrovisores.','estado optimo',77,7),
		(127,'2023/3/13','Revisión del sistema de transmisión. cambio de líquido si es necesario.','en contacto con aseguradora',59,7),
		(128,'2023/3/13','Verificación y ajuste del freno de mano.','estado optimo',29,5),
		(129,'2023/3/15','Revisión del sistema de transmisión. cambio de líquido si es necesario.','en contacto con aseguradora',61,3),
		(130,'2023/3/16','Revisión de alineación y balanceo de los neumáticos.','en contacto con aseguradora',26,7),
		(131,'2023/3/23','Limpieza del sistema de inyección de combustible.','pedido cotizacion',83,1),
		(132,'2023/3/24','Revisión del sistema de encendido y ajuste de bujías.','necesita cambio',54,4),
		(133,'2023/3/27','Cambio del filtro de combustible.','pedido cotizacion',58,4),
		(134,'2023/3/29','Revisión de alineación y balanceo de los neumáticos.','pedido cotizacion',32,5),
		(135,'2023/3/30','Revisión y reemplazo de pastillas de freno.','en contacto con aseguradora',84,4),
		(136,'2023/4/2','Revisión del sistema de transmisión. cambio de líquido si es necesario.','en contacto con aseguradora',52,6),
		(137,'2023/4/5','Comprobación del buen estado de las cerraduras y mecanismos de apertura.','en contacto con aseguradora',79,2),
		(138,'2023/4/6','Inspección de los sensores de aparcamiento y cámaras de reversa.','se solicita repuesto',79,5),
		(139,'2023/4/7','Limpieza del sistema de inyección de combustible.','se solicita repuesto',88,5),
		(140,'2023/4/10','Inspección del sistema de suspensión y amortiguadores.','en contacto con aseguradora',25,3),
		(141,'2023/4/11','Revisión y carga del aire acondicionado.','en contacto con aseguradora',57,4),
		(142,'2023/4/14','Revisión del sistema de dirección y ajuste de alineación.','necesita cambio',26,3),
		(143,'2023/4/16','Revisión del sistema de bolsas de aire (airbags).','necesita cambio',69,2),
		(144,'2023/4/20','Inspección de fugas de aceite o líquidos en el motor.','necesita cambio',12,4),
		(145,'2023/4/21','Revisión y reemplazo de pastillas de freno.','necesita cambio',69,2),
		(146,'2023/4/21','Inspección de fugas de aceite o líquidos en el motor.','estado optimo',15,2),
		(147,'2023/4/22','Verificación y ajuste del freno de mano.','pedido cotizacion',81,6),
		(148,'2023/4/24','Comprobación del buen estado de las cerraduras y mecanismos de apertura.','se solicita repuesto',79,2),
		(149,'2023/4/25','Revisión de alineación y balanceo de los neumáticos.','necesita cambio',54,7),
		(150,'2023/4/26','Revisión y recarga de la batería.','en contacto con aseguradora',83,6),
		(151,'2023/4/27','Cambio del filtro de combustible.','en contacto con aseguradora',73,7),
		(152,'2023/4/27','Revisión y cambio de aceite del motor y filtro de aceite.','pedido cotizacion',8,2),
		(153,'2023/5/1','Cambio del filtro de combustible.','estado optimo',79,3),
		(154,'2023/5/4','Inspección del sistema de dirección asistida y nivel del líquido.','necesita cambio',50,6),
		(155,'2023/5/5','Verificación del estado de los cinturones de seguridad.','estado optimo',54,5),
		(156,'2023/5/6','Revisión y carga del aire acondicionado.','en contacto con aseguradora',88,7),
		(157,'2023/5/8','Revisión y reemplazo de pastillas de freno.','pedido cotizacion',44,5),
		(158,'2023/5/9','Revisión y cambio de aceite del motor y filtro de aceite.','se solicita repuesto',42,3),
		(159,'2023/5/10','Revisión del sistema de transmisión. cambio de líquido si es necesario.','se solicita repuesto',8,5),
		(160,'2023/5/12','Revisión y reemplazo de pastillas de freno.','se solicita repuesto',49,4),
		(161,'2023/5/18','Comprobación del buen estado de las cerraduras y mecanismos de apertura.','pedido cotizacion',9,1),
		(162,'2023/5/22','Revisión del sistema de dirección y ajuste de alineación.','en contacto con aseguradora',22,7),
		(163,'2023/5/26','Inspección de los sistemas electrónicos de a bordo y la computadora.','estado optimo',45,3),
		(164,'2023/5/26','Comprobación del buen estado de las cerraduras y mecanismos de apertura.','se solicita repuesto',17,4),
		(165,'2023/5/26','Comprobación del estado y nivel del líquido de frenos.','se solicita repuesto',16,4),
		(166,'2023/5/27','Inspección y ajuste de la presión de los neumáticos.','se solicita repuesto',85,5),
		(167,'2023/6/2','Comprobación del buen estado de las cerraduras y mecanismos de apertura.','estado optimo',81,3),
		(168,'2023/6/2','Cambio de filtro de aire del motor.','en contacto con aseguradora',18,5),
		(169,'2023/6/7','Comprobación del buen estado de las cerraduras y mecanismos de apertura.','pedido cotizacion',75,6),
		(170,'2023/6/11','Revisión del sistema de bolsas de aire (airbags).','pedido cotizacion',17,4),
		(171,'2023/6/14','Revisión y recarga de la batería.','se solicita repuesto',46,2),
		(172,'2023/6/18','Revisión del sistema de transmisión. cambio de líquido si es necesario.','en contacto con aseguradora',52,5),
		(173,'2023/6/20','Revisión del estado de las juntas de las puertas y ventanas.','pedido cotizacion',9,7),
		(174,'2023/6/20','Comprobación del buen estado de las cerraduras y mecanismos de apertura.','estado optimo',11,2),
		(175,'2023/6/23','Comprobación del estado y nivel del líquido de frenos.','estado optimo',11,3),
		(176,'2023/6/25','Revisión del sistema de transmisión. cambio de líquido si es necesario.','en contacto con aseguradora',32,1),
		(177,'2023/6/27','Revisión y cambio de aceite del motor y filtro de aceite.','en contacto con aseguradora',31,5),
		(178,'2023/6/28','Revisión y cambio de aceite del motor y filtro de aceite.','estado optimo',40,1),
		(179,'2023/6/29','Inspección de los sistemas electrónicos de a bordo y la computadora.','pedido cotizacion',74,2),
		(180,'2023/7/5','Cambio de filtro de aire del motor.','necesita cambio',29,6),
		(181,'2023/7/6','Inspección de fugas de aceite o líquidos en el motor.','se solicita repuesto',35,6),
		(182,'2023/7/16','Revisión del estado de las juntas de las puertas y ventanas.','se solicita repuesto',44,1),
		(183,'2023/7/17','Inspección de los sistemas electrónicos de a bordo y la computadora.','estado optimo',59,4),
		(184,'2023/7/18','Inspección de los sistemas de control de tracción y estabilidad.','se solicita repuesto',20,5),
		(185,'2023/7/22','Revisión y cambio de aceite del motor y filtro de aceite.','pedido cotizacion',58,5),
		(186,'2023/7/22','Inspección de los sistemas electrónicos de a bordo y la computadora.','en contacto con aseguradora',47,4),
		(187,'2023/7/22','Revisión del sistema de encendido y ajuste de bujías.','en contacto con aseguradora',46,7),
		(188,'2023/7/25','Inspección de los sistemas electrónicos de a bordo y la computadora.','estado optimo',22,5),
		(189,'2023/7/29','Revisión del sistema de escape de gases y control de emisiones.','estado optimo',34,3),
		(190,'2023/8/1','Revisión y reemplazo de las luces delanteras y traseras.','se solicita repuesto',20,7),
		(191,'2023/8/8','Verificación y ajuste de la tensión de la correa del alternador.','en contacto con aseguradora',30,3),
		(192,'2023/8/8','Revisión de alineación y balanceo de los neumáticos.','necesita cambio',52,3),
		(193,'2023/8/15','Inspección de los sistemas electrónicos de a bordo y la computadora.','necesita cambio',10,3),
		(194,'2023/8/16','Revisión y cambio de aceite del motor y filtro de aceite.','en contacto con aseguradora',39,2),
		(195,'2023/8/16','Revisión y carga del aire acondicionado.','pedido cotizacion',77,3),
		(196,'2023/8/17','Revisión del sistema de escape de gases y control de emisiones.','estado optimo',6,2),
		(197,'2023/8/17','Revisión de alineación y balanceo de los neumáticos.','pedido cotizacion',55,6),
		(198,'2023/8/19','Revisión del sistema de transmisión. cambio de líquido si es necesario.','estado optimo',24,6),
		(199,'2023/8/20','Revisión del sistema de escape de gases y control de emisiones.','necesita cambio',85,2),
		(200,'2023/8/24','Inspección de los sistemas electrónicos de a bordo y la computadora.','estado optimo',67,3),
		(201,'2023/8/26','Verificación del estado de los cinturones de seguridad.','estado optimo',34,2),
		(202,'2023/9/3','Limpieza del sistema de inyección de combustible.','necesita cambio',27,6),
		(203,'2023/9/3','Cambio de filtro de aire del motor.','se solicita repuesto',57,2),
		(204,'2023/9/8','Verificación del estado de los cinturones de seguridad.','estado optimo',21,2),
		(205,'2023/9/9','Revisión y carga del aire acondicionado.','se solicita repuesto',27,2),
		(206,'2023/9/13','Inspección del sistema de suspensión y amortiguadores.','pedido cotizacion',20,5),
		(207,'2023/9/13','Verificación y ajuste del freno de mano.','necesita cambio',23,3),
		(208,'2023/9/14','Inspección de los sistemas electrónicos de a bordo y la computadora.','pedido cotizacion',79,6),
		(209,'2023/9/14','Comprobación del estado y nivel del líquido de frenos.','se solicita repuesto',3,5),
		(210,'2023/9/19','Limpieza del sistema de inyección de combustible.','pedido cotizacion',36,1),
		(211,'2023/9/19','Verificación y ajuste de la tensión de la correa del alternador.','en contacto con aseguradora',79,1),
		(212,'2023/9/22','Revisión del sistema de bolsas de aire (airbags).','estado optimo',32,5),
		(213,'2023/9/28','Inspección del sistema de dirección asistida y nivel del líquido.','pedido cotizacion',44,5),
		(214,'2023/9/30','Revisión y reemplazo de las luces delanteras y traseras.','necesita cambio',13,3),
		(215,'2023/10/2','Revisión y recarga de la batería.','se solicita repuesto',31,2),
		(216,'2023/10/3','Revisión del sistema de bolsas de aire (airbags).','pedido cotizacion',71,6),
		(217,'2023/10/5','Revisión y cambio de aceite del motor y filtro de aceite.','necesita cambio',66,2),
		(218,'2023/10/7','Comprobación del estado y nivel del líquido de frenos.','se solicita repuesto',51,1),
		(219,'2023/10/8','Inspección de los sensores de aparcamiento y cámaras de reversa.','se solicita repuesto',15,7),
		(220,'2023/10/10','Inspección de los sistemas de control de tracción y estabilidad.','en contacto con aseguradora',54,2),
		(221,'2023/10/12','Inspección del sistema de suspensión y amortiguadores.','necesita cambio',10,5),
		(222,'2023/10/14','Inspección del sistema de suspensión y amortiguadores.','estado optimo',39,2),
		(223,'2023/10/15','Revisión y cambio de aceite del motor y filtro de aceite.','necesita cambio',5,5),
		(224,'2023/10/16','Inspección del sistema de escape por fugas o daños.','pedido cotizacion',29,6),
		(225,'2023/10/21','Revisión y recarga de la batería.','necesita cambio',68,7),
		(226,'2023/10/28','Comprobación del buen estado de las cerraduras y mecanismos de apertura.','en contacto con aseguradora',38,7),
		(227,'2023/11/2','Cambio del filtro de combustible.','pedido cotizacion',8,2),
		(228,'2023/11/2','Verificación y ajuste del freno de mano.','estado optimo',29,3),
		(229,'2023/11/4','Inspección y ajuste de la presión de los neumáticos.','estado optimo',45,6),
		(230,'2023/11/9','Revisión del estado de las juntas de las puertas y ventanas.','en contacto con aseguradora',23,5),
		(231,'2023/11/11','Inspección del sistema de suspensión y amortiguadores.','en contacto con aseguradora',10,2),
		(232,'2023/11/12','Verificación del estado de los cinturones de seguridad.','estado optimo',47,7),
		(233,'2023/11/14','Verificación y recarga del líquido refrigerante.','en contacto con aseguradora',49,2),
		(234,'2023/11/16','Revisión del sistema de transmisión. cambio de líquido si es necesario.','estado optimo',87,7),
		(235,'2023/11/17','Cambio de filtro de aire del motor.','pedido cotizacion',89,5),
		(236,'2023/11/24','Cambio del filtro de combustible.','estado optimo',24,2),
		(237,'2023/11/26','Verificación del correcto funcionamiento de los espejos retrovisores.','estado optimo',45,6),
		(238,'2023/11/28','Verificación del estado de los cinturones de seguridad.','pedido cotizacion',5,3),
		(239,'2023/11/28','Inspección de los sistemas electrónicos de a bordo y la computadora.','necesita cambio',24,2),
		(240,'2023/12/4','Revisión del sistema de encendido y ajuste de bujías.','en contacto con aseguradora',69,1),
		(241,'2023/12/8','Inspección de los sistemas de control de tracción y estabilidad.','pedido cotizacion',73,4),
		(242,'2023/12/10','Comprobación del buen estado de las cerraduras y mecanismos de apertura.','se solicita repuesto',45,3),
		(243,'2023/12/13','Inspección y reemplazo de las escobillas del limpiaparabrisas.','en contacto con aseguradora',17,6),
		(244,'2023/12/14','Inspección y reemplazo de las escobillas del limpiaparabrisas.','se solicita repuesto',23,7),
		(245,'2023/12/15','Verificación y recarga del líquido refrigerante.','pedido cotizacion',51,7),
		(246,'2023/12/15','Revisión y cambio de aceite del motor y filtro de aceite.','en contacto con aseguradora',31,6),
		(247,'2023/12/16','Revisión y carga del aire acondicionado.','se solicita repuesto',21,4),
		(248,'2023/12/17','Inspección y ajuste de la presión de los neumáticos.','pedido cotizacion',59,6),
		(249,'2023/12/22','Inspección y reemplazo de las escobillas del limpiaparabrisas.','se solicita repuesto',41,3),
		(250,'2023/12/23','Inspección de fugas de aceite o líquidos en el motor.','en contacto con aseguradora',61,3),
		(251,'2023/12/24','Verificación y ajuste del freno de mano.','necesita cambio',65,1),
		(252,'2023/1/3','Revisión del sistema de dirección y ajuste de alineación.','necesita cambio',32,1),
		(253,'2023/1/4','Inspección del sistema de frenos. discos y tambor.','estado optimo',88,5),
		(254,'2023/1/5','Revisión y recarga de la batería.','en contacto con aseguradora',79,6),
		(255,'2023/1/7','Verificación y ajuste de los soportes del motor.','se solicita repuesto',17,1),
		(256,'2023/1/13','Inspección del sistema de escape por fugas o daños.','necesita cambio',61,5),
		(257,'2023/1/15','Inspección de los sistemas electrónicos de a bordo y la computadora.','estado optimo',28,6),
		(258,'2023/1/17','Inspección del sistema de dirección asistida y nivel del líquido.','en contacto con aseguradora',74,1),
		(259,'2024/1/22','Verificación y ajuste de la tensión de la correa del alternador.','necesita cambio',62,3),
		(260,'2024/1/25','Revisión de alineación y balanceo de los neumáticos.','en contacto con aseguradora',47,2),
		(261,'2023/1/26','Verificación y ajuste del freno de mano.','se solicita repuesto',71,4),
		(262,'2024/2/3','Comprobación del estado y nivel del líquido de frenos.','necesita cambio',8,5),
		(263,'2024/2/10','Limpieza del sistema de inyección de combustible.','estado optimo',9,7),
		(264,'2024/2/10','Revisión y cambio de aceite del motor y filtro de aceite.','estado optimo',23,2),
		(265,'2024/2/17','Revisión del sistema de bolsas de aire (airbags).','pedido cotizacion',61,2),
		(266,'2024/2/17','Verificación del estado de los cinturones de seguridad.','pedido cotizacion',24,3),
		(267,'2024/2/21','Inspección del sistema de dirección asistida y nivel del líquido.','en contacto con aseguradora',73,1),
		(268,'2024/2/22','Revisión y carga del aire acondicionado.','estado optimo',47,3),
		(269,'2024/2/22','Revisión y carga del aire acondicionado.','en contacto con aseguradora',31,2),
		(270,'2024/2/22','Verificación y ajuste de los soportes del motor.','pedido cotizacion',6,7),
		(271,'2024/3/2','Cambio de filtro de aire del motor.','necesita cambio',34,3),
		(272,'2024/3/3','Revisión y reemplazo de las luces delanteras y traseras.','se solicita repuesto',78,1),
		(273,'2024/3/13','Inspección del sistema de suspensión y amortiguadores.','necesita cambio',75,3),
		(274,'2024/3/25','Cambio del filtro de combustible.','pedido cotizacion',64,7),
		(275,'2024/3/27','Verificación y ajuste de la tensión de la correa del alternador.','en contacto con aseguradora',26,5),
		(276,'2024/4/1','Revisión del estado de las juntas de las puertas y ventanas.','se solicita repuesto',29,1),
		(277,'2024/4/2','Inspección y ajuste de la presión de los neumáticos.','necesita cambio',67,6),
		(278,'2024/4/3','Revisión del estado de las juntas de las puertas y ventanas.','necesita cambio',75,7),
		(279,'2024/4/4','Revisión y reemplazo de pastillas de freno.','se solicita repuesto',10,5),
		(280,'2024/4/4','Inspección y ajuste de la presión de los neumáticos.','estado optimo',6,3),
		(281,'2024/4/4','Cambio de filtro de aire del motor.','estado optimo',30,3),
		(282,'2024/4/4','Verificación del estado de los cinturones de seguridad.','se solicita repuesto',42,2),
		(283,'2024/4/7','Revisión y carga del aire acondicionado.','en contacto con aseguradora',48,6),
		(284,'2024/4/10','Inspección de los sensores de aparcamiento y cámaras de reversa.','pedido cotizacion',66,2),
		(285,'2024/4/13','Revisión del sistema de bolsas de aire (airbags).','se solicita repuesto',6,7),
		(286,'2024/4/13','Verificación y ajuste de la tensión de la correa del alternador.','en contacto con aseguradora',21,7),
		(287,'2024/4/14','Revisión del sistema de encendido y ajuste de bujías.','estado optimo',10,5),
		(288,'2024/4/16','Comprobación del estado y nivel del líquido de frenos.','necesita cambio',78,2),
		(289,'2024/4/17','Revisión del estado de las juntas de las puertas y ventanas.','necesita cambio',74,2),
		(290,'2024/4/17','Revisión y reemplazo de pastillas de freno.','en contacto con aseguradora',49,7),
		(291,'2024/4/19','Revisión del sistema de encendido y ajuste de bujías.','estado optimo',57,3),
		(292,'2024/4/22','Cambio de filtro de aire del motor.','pedido cotizacion',65,2),
		(293,'2024/4/26','Inspección de los sistemas electrónicos de a bordo y la computadora.','estado optimo',21,5),
		(294,'2024/4/27','Revisión del estado de las juntas de las puertas y ventanas.','se solicita repuesto',5,3),
		(295,'2024/5/1','Inspección y reemplazo de las escobillas del limpiaparabrisas.','en contacto con aseguradora',8,5),
		(296,'2024/5/4','Limpieza del sistema de inyección de combustible.','se solicita repuesto',70,5),
		(297,'2024/5/4','Revisión del sistema de encendido y ajuste de bujías.','estado optimo',60,4),
		(298,'2024/5/12','Revisión y reemplazo de las luces delanteras y traseras.','estado optimo',12,3),
		(299,'2024/5/14','Verificación y ajuste de la tensión de la correa del alternador.','necesita cambio',26,5),
		(300,'2024/5/14','Revisión del sistema de encendido y ajuste de bujías.','necesita cambio',87,6),
		(301,'2024/5/18','Revisión y carga del aire acondicionado.','estado optimo',82,6),
		(302,'2024/5/18','Revisión del sistema de bolsas de aire (airbags).','en contacto con aseguradora',47,7),
		(303,'2024/5/19','Revisión y recarga de la batería.','se solicita repuesto',39,7),
		(304,'2024/5/19','Verificación y ajuste del freno de mano.','se solicita repuesto',34,3),
		(305,'2024/5/23','Revisión y carga del aire acondicionado.','pedido cotizacion',82,3),
		(306,'2024/5/25','Comprobación del estado y nivel del líquido de frenos.','pedido cotizacion',46,7),
		(307,'2024/5/30','Inspección del sistema de escape por fugas o daños.','en contacto con aseguradora',36,5),
		(308,'2024/5/31','Revisión y recarga de la batería.','se solicita repuesto',40,7),
		(309,'2024/6/6','Inspección y ajuste de la presión de los neumáticos.','se solicita repuesto',66,2),
		(310,'2024/6/7','Inspección de los sensores de aparcamiento y cámaras de reversa.','necesita cambio',41,2),
		(311,'2024/6/9','Inspección del sistema de frenos. discos y tambor.','necesita cambio',58,5),
		(312,'2024/6/11','Verificación y ajuste de la tensión de la correa del alternador.','se solicita repuesto',25,2),
		(313,'2024/6/12','Revisión y carga del aire acondicionado.','se solicita repuesto',47,4),
		(314,'2024/6/13','Inspección del sistema de suspensión y amortiguadores.','pedido cotizacion',61,7),
		(315,'2024/6/14','Inspección y ajuste de la presión de los neumáticos.','necesita cambio',56,2),
		(316,'2024/6/20','Comprobación del buen estado de las cerraduras y mecanismos de apertura.','necesita cambio',56,5),
		(317,'2024/6/22','Revisión y cambio de aceite del motor y filtro de aceite.','en contacto con aseguradora',48,4),
		(318,'2024/6/23','Inspección de los sensores de aparcamiento y cámaras de reversa.','estado optimo',80,5),
		(319,'2024/6/24','Inspección de los sistemas de control de tracción y estabilidad.','estado optimo',64,5),
		(320,'2024/6/25','Inspección del sistema de suspensión y amortiguadores.','en contacto con aseguradora',27,2),
		(321,'2024/6/26','Inspección de los sistemas electrónicos de a bordo y la computadora.','estado optimo',66,1),
		(322,'2024/7/7','Inspección del sistema de frenos. discos y tambor.','necesita cambio',15,6),
		(323,'2024/7/7','Inspección del sistema de frenos. discos y tambor.','en contacto con aseguradora',23,1),
		(324,'2024/7/8','Verificación y ajuste del freno de mano.','se solicita repuesto',21,1),
		(325,'2024/7/11','Cambio de filtro de aire del motor.','se solicita repuesto',5,5),
		(326,'2024/7/18','Revisión y carga del aire acondicionado.','se solicita repuesto',68,2),
		(327,'2024/7/19','Revisión del sistema de escape de gases y control de emisiones.','se solicita repuesto',17,1),
		(328,'2024/7/30','Cambio del filtro de combustible.','en contacto con aseguradora',57,2),
		(329,'2024/8/2','Verificación y ajuste de los soportes del motor.','necesita cambio',40,5),
		(330,'2024/8/10','Revisión del sistema de bolsas de aire (airbags).','se solicita repuesto',69,6),
		(331,'2024/8/13','Inspección de fugas de aceite o líquidos en el motor.','pedido cotizacion',11,6),
		(332,'2024/8/16','Revisión y carga del aire acondicionado.','en contacto con aseguradora',75,5),
		(333,'2024/8/17','Revisión del estado de las juntas de las puertas y ventanas.','pedido cotizacion',78,6),
		(334,'2024/8/20','Comprobación del estado y nivel del líquido de frenos.','necesita cambio',73,1),
		(335,'2024/8/27','Comprobación del buen estado de las cerraduras y mecanismos de apertura.','estado optimo',83,5),
		(336,'2024/8/29','Revisión del sistema de escape de gases y control de emisiones.','necesita cambio',5,3),
		(337,'2024/8/31','Verificación y ajuste de la tensión de la correa del alternador.','se solicita repuesto',28,2),
		(338,'2024/9/2','Revisión y carga del aire acondicionado.','estado optimo',87,1);



        
        
INSERT INTO
		rac_ar.historial (id_historial,id_alquiler,fecha_devolucion,estatus_devolucion,kilometraje)
		VALUES
        (1,1,'2022/1/20','con detalles',150),
		(2,2,'2022/2/2','con detalles',2258),
		(3,3,'2022/2/5','falta combustible',1234),
		(4,4,'2022/2/6','optimo',2906),
		(5,5,'2022/2/12','para revision',2153),
		(6,6,'2022/2/16','falta combustible',3351),
		(7,8,'2022/2/27','para revision',1186),
		(8,9,'2022/2/27','optimo',1158),
		(9,11,'2022/3/12','con detalles',2195),
		(10,12,'2022/3/12','optimo',2476),
		(11,10,'2022/3/13','optimo',2957),
		(12,7,'2022/3/16','optimo',1693),
		(13,15,'2022/3/17','optimo',1916),
		(14,16,'2022/3/24','optimo',2261),
		(15,20,'2022/4/2','para revision',250),
		(16,13,'2022/4/3','con detalles',1771),
		(17,17,'2022/4/3','para revision',329),
		(18,14,'2022/4/5','falta combustible',3641),
		(19,18,'2022/4/6','falta combustible',1998),
		(20,22,'2022/4/11','optimo',1417),
		(21,19,'2022/4/14','para revision',1317),
		(22,26,'2022/4/16','con detalles',2579),
		(23,27,'2022/4/18','para revision',1474),
		(24,21,'2022/4/19','optimo',2736),
		(25,28,'2022/4/19','para revision',2690),
		(26,23,'2022/4/25','para revision',1253),
		(27,24,'2022/4/26','con detalles',3664),
		(28,25,'2022/5/1','optimo',737),
		(29,31,'2022/5/10','optimo',254),
		(30,29,'2022/5/14','optimo',111),
		(31,30,'2022/5/15','optimo',2132),
		(32,34,'2022/5/16','optimo',1965),
		(33,35,'2022/5/16','optimo',1896),
		(34,32,'2022/5/19','con detalles',1716),
		(35,37,'2022/5/24','falta combustible',154),
		(36,33,'2022/5/27','con detalles',3195),
		(37,39,'2022/5/28','con detalles',728),
		(38,36,'2022/5/30','con detalles',407),
		(39,42,'2022/6/3','optimo',1921),
		(40,41,'2022/6/9','para revision',2045),
		(41,38,'2022/6/10','con detalles',2253),
		(42,44,'2022/6/15','optimo',3627),
		(43,40,'2022/6/18','con detalles',1743),
		(44,47,'2022/6/30','con detalles',3609),
		(45,45,'2022/7/2','con detalles',2055),
		(46,48,'2022/7/3','optimo',2729),
		(47,43,'2022/7/4','optimo',3893),
		(48,54,'2022/7/10','para revision',1608),
		(49,49,'2022/7/12','falta combustible',2682),
		(50,51,'2022/7/12','para revision',2035),
		(51,46,'2022/7/13','para revision',1048),
		(52,53,'2022/7/21','falta combustible',1814),
		(53,50,'2022/7/25','para revision',681),
		(54,56,'2022/7/25','optimo',3960),
		(55,52,'2022/7/26','optimo',919),
		(56,57,'2022/7/28','optimo',2771),
		(57,59,'2022/8/2','para revision',1230),
		(58,55,'2022/8/7','falta combustible',3245),
		(59,62,'2022/8/8','para revision',3592),
		(60,58,'2022/8/9','con detalles',1098),
		(61,64,'2022/8/20','para revision',3841),
		(62,61,'2022/8/24','para revision',1599),
		(63,65,'2022/8/25','con detalles',2857),
		(64,60,'2022/8/28','falta combustible',3914),
		(65,63,'2022/9/5','optimo',3903),
		(66,68,'2022/9/10','falta combustible',1437),
		(67,66,'2022/9/13','con detalles',3604),
		(68,70,'2022/9/16','falta combustible',3844),
		(69,71,'2022/9/16','con detalles',3539),
		(70,67,'2022/9/23','optimo',3679),
		(71,69,'2022/9/23','para revision',2791),
		(72,72,'2022/9/27','falta combustible',2120),
		(73,74,'2022/9/27','falta combustible',2295),
		(74,75,'2022/9/29','para revision',873),
		(75,76,'2022/9/30','optimo',2686),
		(76,73,'2022/10/9','falta combustible',634),
		(77,80,'2022/10/11','para revision',3408),
		(78,81,'2022/10/18','optimo',3124),
		(79,78,'2022/10/19','optimo',818),
		(80,77,'2022/10/21','optimo',2366),
		(81,83,'2022/10/25','falta combustible',1887),
		(82,79,'2022/10/26','para revision',2445),
		(83,85,'2022/10/29','para revision',3088),
		(84,82,'2022/11/1','con detalles',2137),
		(85,84,'2022/11/7','optimo',3170),
		(86,86,'2022/11/13','optimo',2931),
		(87,87,'2022/11/16','para revision',646),
		(88,91,'2022/11/17','con detalles',1708),
		(89,89,'2022/11/20','para revision',1770),
		(90,90,'2022/11/20','para revision',2345),
		(91,88,'2022/11/21','falta combustible',2810),
		(92,93,'2022/11/30','con detalles',2286),
		(93,95,'2022/11/30','falta combustible',2776),
		(94,96,'2022/12/1','falta combustible',2955),
		(95,94,'2022/12/3','optimo',3038),
		(96,92,'2022/12/5','para revision',2566),
		(97,101,'2022/12/5','para revision',1127),
		(98,102,'2022/12/7','optimo',1048),
		(99,103,'2022/12/13','falta combustible',3890),
		(100,98,'2022/12/14','para revision',276),
		(101,97,'2022/12/16','para revision',1140),
		(102,100,'2022/12/20','falta combustible',1436),
		(103,105,'2022/12/25','optimo',1685),
		(104,99,'2022/12/26','falta combustible',1149),
		(105,106,'2022/1/1','falta combustible',135),
		(106,104,'2022/1/2','para revision',3249),
		(107,107,'2022/1/11','falta combustible',1603),
		(108,111,'2022/1/15','para revision',602),
		(109,113,'2022/1/17','falta combustible',1699),
		(110,115,'2022/1/19','falta combustible',3510),
		(111,108,'2022/1/21','con detalles',1778),
		(112,112,'2022/1/24','con detalles',592),
		(113,109,'2022/1/25','falta combustible',2966),
		(114,110,'2022/1/27','para revision',3655),
		(115,114,'2022/2/1','falta combustible',3072),
		(116,121,'2023/2/5','optimo',1143),
		(117,117,'2022/2/8','para revision',954),
		(118,120,'2023/2/8','optimo',1378),
		(119,122,'2023/2/8','falta combustible',227),
		(120,124,'2023/2/11','para revision',307),
		(121,119,'2023/2/15','optimo',2082),
		(122,116,'2022/2/17','optimo',232),
		(123,118,'2023/2/22','falta combustible',2872),
		(124,123,'2023/2/28','con detalles',3599),
		(125,126,'2023/3/3','optimo',2122),
		(126,127,'2023/3/4','para revision',438),
		(127,125,'2023/3/12','falta combustible',3056),
		(128,132,'2023/3/12','optimo',814),
		(129,134,'2023/3/14','optimo',1844),
		(130,133,'2023/3/15','para revision',2662),
		(131,131,'2023/3/22','falta combustible',2020),
		(132,129,'2023/3/23','optimo',2046),
		(133,128,'2023/3/26','con detalles',1878),
		(134,130,'2023/3/28','optimo',2279),
		(135,135,'2023/3/29','falta combustible',120),
		(136,138,'2023/4/1','con detalles',438),
		(137,137,'2023/4/4','falta combustible',1539),
		(138,136,'2023/4/5','con detalles',989),
		(139,144,'2023/4/6','falta combustible',748),
		(140,145,'2023/4/9','optimo',198),
		(141,142,'2023/4/10','falta combustible',2328),
		(142,143,'2023/4/13','para revision',3205),
		(143,140,'2023/4/15','optimo',635),
		(144,139,'2023/4/19','con detalles',1966),
		(145,141,'2023/4/20','para revision',1499),
		(146,146,'2023/4/20','optimo',2788),
		(147,155,'2023/4/21','falta combustible',2724),
		(148,147,'2023/4/23','con detalles',1639),
		(149,150,'2023/4/24','optimo',1567),
		(150,151,'2023/4/25','para revision',971),
		(151,148,'2023/4/26','optimo',957),
		(152,152,'2023/4/26','falta combustible',1640),
		(153,149,'2023/4/30','para revision',1313),
		(154,156,'2023/5/3','para revision',1936),
		(155,158,'2023/5/4','falta combustible',1666),
		(156,153,'2023/5/5','para revision',2487),
		(157,161,'2023/5/7','optimo',2909),
		(158,157,'2023/5/8','optimo',2124),
		(159,154,'2023/5/9','falta combustible',1056),
		(160,159,'2023/5/11','para revision',3270),
		(161,165,'2023/5/17','falta combustible',3900),
		(162,160,'2023/5/21','optimo',3074),
		(163,162,'2023/5/25','falta combustible',2883),
		(164,166,'2023/5/25','falta combustible',3031),
		(165,170,'2023/5/25','para revision',1951),
		(166,164,'2023/5/26','con detalles',1269),
		(167,163,'2023/6/1','optimo',169),
		(168,168,'2023/6/1','optimo',2875),
		(169,167,'2023/6/6','falta combustible',3782),
		(170,169,'2023/6/10','con detalles',3692),
		(171,174,'2023/6/13','optimo',3039),
		(172,173,'2023/6/17','con detalles',2834),
		(173,175,'2023/6/19','para revision',3637),
		(174,178,'2023/6/19','optimo',957),
		(175,171,'2023/6/22','con detalles',1256),
		(176,181,'2023/6/24','con detalles',2184),
		(177,180,'2023/6/26','con detalles',1502),
		(178,177,'2023/6/27','falta combustible',988),
		(179,172,'2023/6/28','para revision',3898),
		(180,176,'2023/7/4','para revision',3528),
		(181,179,'2023/7/5','falta combustible',1385),
		(182,183,'2023/7/15','con detalles',239),
		(183,182,'2023/7/16','falta combustible',1376),
		(184,189,'2023/7/17','con detalles',2790),
		(185,185,'2023/7/21','optimo',2909),
		(186,187,'2023/7/21','optimo',679),
		(187,190,'2023/7/21','falta combustible',2085),
		(188,184,'2023/7/24','para revision',3806),
		(189,195,'2023/7/28','con detalles',3486),
		(190,186,'2023/7/31','con detalles',791),
		(191,188,'2023/8/7','falta combustible',1990),
		(192,197,'2023/8/7','con detalles',2078),
		(193,192,'2023/8/14','optimo',1986),
		(194,196,'2023/8/15','falta combustible',3051),
		(195,200,'2023/8/15','falta combustible',3753),
		(196,191,'2023/8/16','falta combustible',1276),
		(197,194,'2023/8/16','falta combustible',693),
		(198,193,'2023/8/18','falta combustible',1987),
		(199,199,'2023/8/19','para revision',485),
		(200,202,'2023/8/23','falta combustible',1704),
		(201,198,'2023/8/25','para revision',1670),
		(202,201,'2023/9/2','con detalles',677),
		(203,205,'2023/9/2','con detalles',3333),
		(204,204,'2023/9/7','falta combustible',2041),
		(205,208,'2023/9/8','con detalles',1988),
		(206,203,'2023/9/12','con detalles',2735),
		(207,206,'2023/9/12','falta combustible',2810),
		(208,211,'2023/9/13','optimo',928),
		(209,213,'2023/9/13','para revision',488),
		(210,209,'2023/9/18','con detalles',1178),
		(211,217,'2023/9/18','falta combustible',753),
		(212,207,'2023/9/21','para revision',3858),
		(213,210,'2023/9/27','falta combustible',3347),
		(214,216,'2023/9/29','con detalles',866),
		(215,214,'2023/10/1','con detalles',3506),
		(216,220,'2023/10/2','con detalles',887),
		(217,218,'2023/10/4','para revision',113),
		(218,222,'2023/10/6','falta combustible',3104),
		(219,212,'2023/10/7','optimo',3960),
		(220,215,'2023/10/9','para revision',1191),
		(221,223,'2023/10/11','falta combustible',276),
		(222,219,'2023/10/13','con detalles',3601),
		(223,224,'2023/10/14','con detalles',2382),
		(224,221,'2023/10/15','para revision',3046),
		(225,229,'2023/10/20','con detalles',1905),
		(226,227,'2023/10/27','con detalles',856),
		(227,225,'2023/11/1','falta combustible',440),
		(228,230,'2023/11/1','para revision',1920),
		(229,232,'2023/11/3','falta combustible',2118),
		(230,235,'2023/11/8','falta combustible',1427),
		(231,226,'2023/11/10','optimo',2536),
		(232,228,'2023/11/11','con detalles',2007),
		(233,233,'2023/11/13','para revision',3647),
		(234,234,'2023/11/15','para revision',310),
		(235,236,'2023/11/16','optimo',3003),
		(236,231,'2023/11/23','optimo',2191),
		(237,237,'2023/11/25','falta combustible',1249),
		(238,238,'2023/11/27','para revision',1341),
		(239,239,'2023/11/27','para revision',3301),
		(240,240,'2023/12/3','con detalles',687),
		(241,245,'2023/12/7','optimo',3453),
		(242,249,'2023/12/9','con detalles',2652),
		(243,248,'2023/12/12','falta combustible',2601),
		(244,250,'2023/12/13','optimo',2065),
		(245,241,'2023/12/14','para revision',87),
		(246,243,'2023/12/14','para revision',2183),
		(247,242,'2023/12/15','con detalles',1138),
		(248,251,'2023/12/16','con detalles',756),
		(249,247,'2023/12/21','para revision',3439),
		(250,246,'2023/12/22','falta combustible',699),
		(251,244,'2023/12/23','con detalles',2275),
		(252,252,'2023/1/2','falta combustible',2804),
		(253,255,'2023/1/3','falta combustible',3169),
		(254,253,'2023/1/4','falta combustible',2587),
		(255,254,'2023/1/6','falta combustible',3055),
		(256,258,'2023/1/12','para revision',2218),
		(257,256,'2023/1/14','con detalles',1755),
		(258,257,'2023/1/16','para revision',3924),
		(259,263,'2024/1/21','para revision',3666),
		(260,261,'2024/1/24','para revision',3635),
		(261,259,'2023/1/25','con detalles',1336),
		(262,260,'2024/2/2','falta combustible',2340),
		(263,262,'2024/2/9','con detalles',477),
		(264,264,'2024/2/9','falta combustible',185),
		(265,265,'2024/2/16','para revision',312),
		(266,267,'2024/2/16','optimo',1923),
		(267,269,'2024/2/20','con detalles',2691),
		(268,266,'2024/2/21','falta combustible',1890),
		(269,270,'2024/2/21','optimo',3384),
		(270,271,'2024/2/21','con detalles',978),
		(271,272,'2024/3/1','optimo',547),
		(272,273,'2024/3/2','con detalles',655),
		(273,268,'2024/3/12','con detalles',3648),
		(274,274,'2024/3/24','falta combustible',1671),
		(275,275,'2024/3/26','para revision',1034),
		(276,280,'2024/3/31','para revision',1379),
		(277,288,'2024/4/1','para revision',996),
		(278,289,'2024/4/2','con detalles',2137),
		(279,276,'2024/4/3','optimo',2666),
		(280,277,'2024/4/3','optimo',1505),
		(281,278,'2024/4/3','falta combustible',1188),
		(282,290,'2024/4/3','para revision',2952),
		(283,284,'2024/4/6','falta combustible',796),
		(284,279,'2024/4/9','para revision',2615),
		(285,281,'2024/4/12','optimo',2690),
		(286,286,'2024/4/12','optimo',3914),
		(287,292,'2024/4/13','con detalles',347),
		(288,282,'2024/4/15','falta combustible',2719),
		(289,283,'2024/4/16','con detalles',1674),
		(290,293,'2024/4/16','con detalles',453),
		(291,287,'2024/4/18','falta combustible',1017),
		(292,285,'2024/4/21','falta combustible',3351),
		(293,291,'2024/4/25','optimo',1718),
		(294,295,'2024/4/26','para revision',245),
		(295,297,'2024/4/30','para revision',823),
		(296,296,'2024/5/3','optimo',1089),
		(297,299,'2024/5/3','con detalles',1631),
		(298,303,'2024/5/11','con detalles',3858),
		(299,294,'2024/5/13','optimo',725),
		(300,304,'2024/5/13','con detalles',3932),
		(301,300,'2024/5/17','con detalles',3849),
		(302,305,'2024/5/17','con detalles',3820),
		(303,306,'2024/5/18','para revision',663),
		(304,307,'2024/5/18','con detalles',3886),
		(305,302,'2024/5/22','falta combustible',1710),
		(306,298,'2024/5/24','con detalles',2372),
		(307,301,'2024/5/29','optimo',3704),
		(308,310,'2024/5/30','para revision',2960),
		(309,311,'2024/6/5','con detalles',933),
		(310,309,'2024/6/6','con detalles',471),
		(311,308,'2024/6/8','optimo',737),
		(312,315,'2024/6/10','para revision',696),
		(313,312,'2024/6/11','optimo',1198),
		(314,313,'2024/6/12','para revision',2806),
		(315,317,'2024/6/13','falta combustible',1815),
		(316,316,'2024/6/19','optimo',2253),
		(317,318,'2024/6/21','falta combustible',1100),
		(318,320,'2024/6/22','optimo',3861),
		(319,314,'2024/6/23','con detalles',1285),
		(320,321,'2024/6/24','falta combustible',132),
		(321,322,'2024/6/25','optimo',2035),
		(322,319,'2024/7/6','falta combustible',3409),
		(323,325,'2024/7/6','para revision',1401),
		(324,323,'2024/7/7','para revision',2340),
		(325,324,'2024/7/10','optimo',3382),
		(326,326,'2024/7/17','falta combustible',674),
		(327,327,'2024/7/18','para revision',2471),
		(328,328,'2024/7/29','falta combustible',1064),
		(329,329,'2024/8/1','optimo',3022),
		(330,330,'2024/8/9','para revision',3290),
		(331,334,'2024/8/12','para revision',430),
		(332,331,'2024/8/15','optimo',3973),
		(333,336,'2024/8/16','para revision',2736),
		(334,332,'2024/8/19','falta combustible',3411),
		(335,338,'2024/8/26','con detalles',295),
		(336,333,'2024/8/28','con detalles',796),
		(337,339,'2024/8/30','para revision',2870),
		(338,335,'2024/9/1','con detalles',2620);
      
INSERT INTO
		rac_ar.reclamos (id_reclamo,id_alquiler,descripcion_reclamo,fecha_reclamo,resolucion,estado_abierto_cerrado)
		VALUES
        (1,5,'Los neumáticos estaban desgastados o en mal estado.','2022/2/9','devolucion total',0),
		(2,7,'El vehículo presentó problemas de encendido o batería descargada.','2022/2/15','devolucion total',0),
		(3,10,'La llave del vehículo estaba en mal estado o no funcionaba bien.','2022/3/7','se reemplaza por otro auto',0),
		(4,11,'El personal de la rentadora fue poco amable o irrespetuoso.','2022/3/10','devolucion total',0),
		(5,13,'El tanque de combustible no estaba lleno al momento de la entrega.','2022/3/13','se brinda dia adicional',0),
		(6,14,'Demora en la liberación de la garantía o retención de depósito.','2022/3/17','Se realiza descuento',0),
		(7,17,'Problemas con la reserva online o confusión en la confirmación.','2022/4/7','se reemplaza por otro auto',0),
		(8,33,'Cargos adicionales no informados previamente en el contrato.','2022/5/20','Se realiza descuento',0),
		(9,38,'Cargos adicionales no informados previamente en el contrato.','2022/6/6','se brinda dia adicional',0),
		(10,43,'El vehículo asignado no coincide con el modelo reservado.','2022/6/25','pendiente',1),
		(11,46,'Retraso en la entrega del vehículo por parte de la rentadora.','2022/7/12','se reemplaza por otro auto',0),
		(12,55,'Los neumáticos estaban desgastados o en mal estado.','2022/7/28','se brinda dia adicional',0),
		(13,56,'El parabrisas o ventanas estaban dañados o con poca visibilidad.','2022/8/2','Se realiza descuento',0),
		(14,64,'El tanque de combustible no estaba lleno al momento de la entrega.','2022/8/12','Se realiza descuento',0),
		(15,66,'Demora en la liberación de la garantía o retención de depósito.','2022/9/7','devolucion total',0),
		(16,67,'El vehículo asignado no coincide con el modelo reservado.','2022/9/13','se reemplaza por otro auto',0),
		(17,69,'El sistema GPS no estaba disponible o no funcionaba correctamente.','2022/9/19','se brinda dia adicional',0),
		(18,72,'El sistema de frenos del vehículo era deficiente o hacía ruido.','2022/9/22','se reemplaza por otro auto',0),
		(19,77,'El vehículo asignado no coincide con el modelo reservado.','2022/10/16','se brinda dia adicional',0),
		(20,78,'El parabrisas o ventanas estaban dañados o con poca visibilidad.','2022/10/20','devolucion total',0),
		(21,83,'Proceso de devolución del vehículo complicado o demorado.','2022/10/23','Se realiza descuento',0),
		(22,84,'Problemas con la conexión de Bluetooth o sistema multimedia.','2022/11/7','pendiente',1),
		(23,85,'El parabrisas o ventanas estaban dañados o con poca visibilidad.','2022/11/30','devolucion total',0),
		(24,92,'Mal estado de los asientos o tapicería sucia o dañada.','2022/12/4','devolucion total',0),
		(25,96,'El auto presentó problemas mecánicos durante el alquiler.','2022/12/12','devolucion total',0),
		(26,98,'Proceso de devolución del vehículo complicado o demorado.','2022/12/23','devolucion total',0),
		(27,107,'Demora en la liberación de la garantía o retención de depósito.','2023/1/9','se brinda dia adicional',0),
		(28,108,'El vehículo asignado no coincide con el modelo reservado.','2023/1/22','se brinda dia adicional',0),
		(29,114,'El tanque de combustible no estaba lleno al momento de la entrega.','2023/2/6','devolucion total',0),
		(30,126,'El sistema de frenos del vehículo era deficiente o hacía ruido.','2023/3/1','se reemplaza por otro auto',0),
		(31,128,'El auto presentó problemas mecánicos durante el alquiler.','2023/3/11','Se realiza descuento',0),
		(32,130,'Falta de respuesta o demora en el servicio de asistencia en ruta.','2023/3/24','Se realiza descuento',0),
		(33,136,'El vehículo entregado no estaba limpio ni en condiciones óptimas.','2023/4/1','se brinda dia adicional',0),
		(34,138,'Ruidos extraños provenientes del motor o sistema de escape.','2023/4/16','pendiente',1),
		(35,155,'El vehículo entregado no estaba limpio ni en condiciones óptimas.','2023/5/18','devolucion total',0),
		(36,162,'El vehículo asignado no coincide con el modelo reservado.','2023/6/1','Se realiza descuento',0),
		(37,167,'La llave del vehículo estaba en mal estado o no funcionaba bien.','2023/6/4','se reemplaza por otro auto',0),
		(38,169,'Daños en el vehículo no reportados previamente por la rentadora.','2023/6/5','pendiente',1),
		(39,171,'Problemas con la conexión de Bluetooth o sistema multimedia.','2023/6/29','se brinda dia adicional',0),
		(40,172,'El tanque de combustible no estaba lleno al momento de la entrega.','2023/6/30','se brinda dia adicional',0),
		(41,176,'Cargos adicionales no informados previamente en el contrato.','2023/7/4','devolucion total',0),
		(42,177,'El vehículo asignado no coincide con el modelo reservado.','2023/7/27','devolucion total',0),
		(43,184,'El sistema GPS no estaba disponible o no funcionaba correctamente.','2023/7/27','se brinda dia adicional',0),
		(44,187,'El sistema de frenos del vehículo era deficiente o hacía ruido.','2023/8/3','se reemplaza por otro auto',0),
		(45,201,'Cargos adicionales no informados previamente en el contrato.','2023/9/5','se brinda dia adicional',0),
		(46,203,'Los neumáticos estaban desgastados o en mal estado.','2023/9/13','Se realiza descuento',0),
		(47,207,'El aire acondicionado del vehículo no funcionaba correctamente.','2023/9/14','Se realiza descuento',0),
		(48,208,'Falta de información sobre las coberturas del seguro contratado.','2023/9/26','se reemplaza por otro auto',0),
		(49,213,'El vehículo entregado no estaba limpio ni en condiciones óptimas.','2023/10/15','devolucion total',0),
		(50,226,'Ruidos extraños provenientes del motor o sistema de escape.','2023/11/10','Se realiza descuento',0),
		(51,231,'Proceso de devolución del vehículo complicado o demorado.','2023/11/26','se brinda dia adicional',0),
		(52,240,'El sistema GPS no estaba disponible o no funcionaba correctamente.','2023/12/6','se reemplaza por otro auto',0),
		(53,244,'El parabrisas o ventanas estaban dañados o con poca visibilidad.','2023/12/24','se brinda dia adicional',0),
		(54,259,'El sistema de frenos del vehículo era deficiente o hacía ruido.','2024/1/24','se reemplaza por otro auto',0),
		(55,261,'Proceso de devolución del vehículo complicado o demorado.','2024/1/25','se reemplaza por otro auto',0),
		(56,262,'Mal estado de los asientos o tapicería sucia o dañada.','2024/2/8','se reemplaza por otro auto',0),
		(57,265,'Proceso de devolución del vehículo complicado o demorado.','2024/2/14','se reemplaza por otro auto',0),
		(58,268,'Cargos adicionales no informados previamente en el contrato.','2024/3/2','se reemplaza por otro auto',0),
		(59,272,'El sistema de frenos del vehículo era deficiente o hacía ruido.','2024/3/3','se reemplaza por otro auto',0),
		(60,274,'Demora en la liberación de la garantía o retención de depósito.','2024/3/8','Se realiza descuento',0),
		(61,275,'Falta de respuesta o demora en el servicio de asistencia en ruta.','2024/3/14','devolucion total',0),
		(62,276,'Cargos injustificados por supuestos daños al vehículo.','2024/3/21','se reemplaza por otro auto',0),
		(63,279,'Falta de información sobre las coberturas del seguro contratado.','2024/4/10','Se realiza descuento',0),
		(64,285,'Cargos injustificados por supuestos daños al vehículo.','2024/4/26','se brinda dia adicional',0),
		(65,294,'Daños en el vehículo no reportados previamente por la rentadora.','2024/5/6','se brinda dia adicional',0),
		(66,298,'La llave del vehículo estaba en mal estado o no funcionaba bien.','2024/5/23','Se realiza descuento',0),
		(67,301,'Los neumáticos estaban desgastados o en mal estado.','2024/5/24','devolucion total',0),
		(68,314,'Falta de respuesta o demora en el servicio de asistencia en ruta.','2024/6/30','Se realiza descuento',0),
		(69,319,'Demora en la liberación de la garantía o retención de depósito.','2024/7/6','devolucion total',0),
		(70,323,'El auto presentó problemas mecánicos durante el alquiler.','2024/7/8','se brinda dia adicional',0),
		(71,328,'Falta de información sobre las coberturas del seguro contratado.','2024/7/26','se brinda dia adicional',0),
		(72,329,'La llave del vehículo estaba en mal estado o no funcionaba bien.','2024/8/3','pendiente',1),
		(73,331,'Daños en el vehículo no reportados previamente por la rentadora.','2024/8/16','se reemplaza por otro auto',0),
		(74,333,'Falta de información sobre las coberturas del seguro contratado.','2024/8/27','devolucion total',0),
		(75,335,'Cargos injustificados por supuestos daños al vehículo.','2024/8/28','devolucion total',0);

        